<?xml version="1.0" encoding="utf-8" standalone="no" ?>
<placeable type="cowHusbandryBarnMilk" xmlns:xsi="http://www.w3.org/2001/XMLSchema-instance" xsi:noNamespaceSchemaLocation="../../../../shared/xml/schema/placeable.xsd">
    <storeData>
		<name>
		<en>Cowshed 3+3 Overmøjbæk</en>
		<de>Kuhstall 3+3</de>
		</name>
        <image>store_husbandryCowLarge.png</image>
        <price>100000</price>
        <functions>
            <function>$l10n_function_animalPenCow</function>
        </functions>
        <lifetime>1000</lifetime>
        <dailyUpkeep>300</dailyUpkeep>
        <rotation>0</rotation>
        <brand>NONE</brand>
        <species>placeable</species>
        <category>animalpens</category>
        <brush>
            <type>placeable</type>
            <category>animals</category>
            <tab>cows</tab>
        </brush>
		        <storeIconRendering>
            <settings cameraXRot="-22" cameraYRot="-36" advancedBoundingBox="true"/>
        </storeIconRendering>
        <vertexBufferMemoryUsage>1985536</vertexBufferMemoryUsage>
        <indexBufferMemoryUsage>621824</indexBufferMemoryUsage>
        <textureMemoryUsage>10616832</textureMemoryUsage>
        <audioMemoryUsage>0</audioMemoryUsage>
        <instanceVertexBufferMemoryUsage>0</instanceVertexBufferMemoryUsage>
        <instanceIndexBufferMemoryUsage>0</instanceIndexBufferMemoryUsage>
    </storeData>

    <base>
        <filename>main.i3d</filename>
        <boughtWithFarmland>true</boughtWithFarmland>
		<canBeRenamed>true</canBeRenamed>
    </base>



    <placement useRandomYRotation="false" useManualYRotation="true" >
        <testAreas>
            <testArea startNode="start" endNode="start.002" />
        </testAreas>
        <sounds>
            <place template="medImp" />
            <placeLayered template="cowLayer" />
        </sounds>
    </placement>

    <clearAreas>
        <clearArea startNode="start" widthNode="start.001" heightNode="start.002"/>
    </clearAreas>

    <leveling requireLeveling="true" maxSmoothDistance="10" maxSlope="75" maxEdgeAngle="30">
        <levelAreas>
            <levelArea startNode="start" widthNode="start.001" heightNode="start.002" groundType="asphaltdw"/>
        </levelAreas>
    </leveling>

    <triggerMarkers>
        <triggerMarker node="markerMilk"         filename="$data/shared/assets/marker/markerIconMilk.i3d" />
        <triggerMarker node="markerFood"         filename="$data/shared/assets/marker/markerIconFood.i3d" />
        <triggerMarker node="markerAnimals"      filename="$data/shared/assets/marker/markerIconAnimals.i3d" />
        <triggerMarker node="markerLiquidManure" filename="$data/shared/assets/marker/markerIconSlurry.i3d" />
    </triggerMarkers>

    <indoorAreas>
        <indoorArea startNode="startSeasons" widthNode="widthseasons" heightNode="heightseasons"/>
    </indoorAreas>


    <tipOcclusionUpdateAreas>
        <tipOcclusionUpdateArea startNode="tipOcclusionUpdateArea1Start" endNode="tipOcclusionUpdateArea1End" />
    </tipOcclusionUpdateAreas>

    <hotspots>
        <hotspot type="COW" teleportNode="milkTank" />
    </hotspots>

    <animatedObjects>
        <animatedObject saveId="door_01" >
            <animation duration="1.5">
                <part node="deurRechts_0">
                    <keyFrame time="0.0" translation="1.49 -0.068 35.323"/>
                    <keyFrame time="1.0" translation="4.3 -0.068 35.323"/>
                </part>
                <part node="deurLinks_0">
                    <keyFrame time="0.0" translation="-1.49 -0.068 35.323"/>
                    <keyFrame time="1.0" translation="-4.3 -0.068 35.323"/>
                </part>
            </animation>
            <controls triggerNode="gateTriggerFront" posAction="ACTIVATE_HANDTOOL" posText="action_openGate" negText="action_closeGate" />
			        <sounds>
                <moving linkNode="gateTriggerFront" template="slidingGateMetalLoop"/>
                <posEnd linkNode="gateTriggerFront" template="metalDoorsOpen" />
                <negEnd linkNode="gateTriggerFront" template="metalDoorsClose" />
            </sounds>
        </animatedObject>
		<animatedObject saveId="door_02" >
            <animation duration="1.5">
                  <part node="deurRechts_1">
                    <keyFrame time="0.0" translation="1.49 -0.068 -35.323"/>
                    <keyFrame time="1.0" translation="4.3 -0.068 -35.323"/>
                </part>
                <part node="deurLinks_1">
                    <keyFrame time="0.0" translation="-1.49 -0.068 -35.323"/>
                    <keyFrame time="1.0" translation="-4.3 -0.068 -35.323"/>
                </part>
            </animation>
            <controls triggerNode="gateTriggerBack" posAction="ACTIVATE_HANDTOOL" posText="action_openGate" negText="action_closeGate" />
			        <sounds>
                <moving linkNode="gateTriggerBack" template="slidingGateMetalLoop"/>
                <posEnd linkNode="gateTriggerBack" template="metalDoorsOpen" />
                <negEnd linkNode="gateTriggerBack" template="metalDoorsClose" />
            </sounds>
        </animatedObject>
		<animatedObject saveId="door_voergang" >
            <animation duration="1.5">
                  <part node="brugdek1">
                    <keyFrame time="0.0" rotation="-70 0 0"/>
                    <keyFrame time="1.0" rotation="0 0 0"/>
                </part>
                  <part node="brugdek2">
                    <keyFrame time="0.0" rotation="70 0 0"/>
                    <keyFrame time="1.0" rotation="0 0 0"/>
                </part>
				<part node="cyl2">
                    <keyFrame time="0.0" rotation="-26 0 0"/>
                    <keyFrame time="1.0" rotation="0 0 0"/>
                </part>
				<part node="cyl1">
                    <keyFrame time="0.0" rotation="26 0 0"/>
                    <keyFrame time="1.0" rotation="0 0 0"/>
                </part>
				<part node="cyl2.001">
                    <keyFrame time="0.0" translation="0 0 -0.207"/>
                    <keyFrame time="1.0" translation="0 0 0"/>
                </part>
				<part node="cyl1.001">
                    <keyFrame time="0.0" translation="0 0 0.207"/>
                    <keyFrame time="1.0" translation="0 0 0"/>
                </part>
				<part node="dwarsbalk1">
                    <keyFrame time="0.0" rotation="-92 0 0" scale="1 1 0.65" />
					<keyFrame time="0.45" rotation="-32 0 0" scale="1 1 0.9" />
					<keyFrame time="0.84" rotation="-10 0 0" scale="1 1 0.99" />
                    <keyFrame time="0.96" rotation="0 0 0" scale="1 1 1"/>
                </part>
				<part node="dwarsbalk2_0">
					<keyFrame time="0.1" translation="0 0 -0.98"/>
                    <keyFrame time="1.0" translation="0 0 0"/>
                </part>
				<part node="dwarsbalk2_1">
                      <keyFrame time="0.0" rotation="92 0 0" scale="1 1 0.65" />
					<keyFrame time="0.45" rotation="32 0 0" scale="1 1 0.9" />
					<keyFrame time="0.84" rotation="10 0 0" scale="1 1 0.99" />
                    <keyFrame time="0.96" rotation="0 0 0" scale="1 1 1"/>
                </part>
				<part node="dwarsbalk2_2">
					<keyFrame time="0.05" translation="0 0 0.98"/>
                    <keyFrame time="1.0" translation="0 0 0"/>
                </part>
            </animation>
            <controls triggerNode="gateTriggerMiddle" posAction="ACTIVATE_HANDTOOL" posText="action_openGate" negText="action_closeGate" />
			        <sounds>
                <moving linkNode="gateTriggerMiddle" template="slidingGateMetalLoop"/>
                <posEnd linkNode="gateTriggerMiddle" template="metalDoorsOpen" />
                <negEnd linkNode="gateTriggerMiddle" template="metalDoorsClose" />
            </sounds>
        </animatedObject>
        <animatedObject saveId="doorS_01" >
            <animation duration="1.5">
                <part node="deurZij1">
                    <keyFrame time="0.0" rotation="0 0 0"/>
                    <keyFrame time="1.0" rotation="0 -88 0"/>
                </part>
                <part node="deurZij2">
                    <keyFrame time="0.0" rotation="0 0 0"/>
                    <keyFrame time="1.0" rotation="0 88 0"/>
                </part>
            </animation>
            <controls triggerNode="gateTriggerStro" posAction="ACTIVATE_HANDTOOL" posText="action_openGate" negText="action_closeGate" />
			        <sounds>
                <moving linkNode="gateTriggerStro" template="slidingGateMetalLoop"/>
                <posEnd linkNode="gateTriggerStro" template="metalDoorsOpen" />
                <negEnd linkNode="gateTriggerStro" template="metalDoorsClose" />
            </sounds>
        </animatedObject>
		<animatedObject saveId="doorS_02" >
            <animation duration="1.5">
                <part node="deurZij1.001">
                    <keyFrame time="0.0" rotation="0 0 0"/>
                    <keyFrame time="1.0" rotation="0 -88 0"/>
                </part>
                <part node="deurZij2.001">
                    <keyFrame time="0.0" rotation="0 0 0"/>
                    <keyFrame time="1.0" rotation="0 88 0"/>
                </part>
            </animation>
            <controls triggerNode="gateTriggerRight" posAction="ACTIVATE_HANDTOOL" posText="action_openGate" negText="action_closeGate" />
			<sounds>
                <moving linkNode="gateTriggerRight" template="slidingGateMetalLoop"/>
                <posEnd linkNode="gateTriggerRight" template="metalDoorsOpen" />
                <negEnd linkNode="gateTriggerRight" template="metalDoorsClose" />
            </sounds>
        </animatedObject>
		<animatedObject saveId="doorS_03" >
            <animation duration="1.5">
                <part node="deurZij1.002">
                    <keyFrame time="0.0" rotation="0 0 0"/>
                    <keyFrame time="1.0" rotation="0 -88 0"/>
                </part>
                <part node="deurZij2.002">
                    <keyFrame time="0.0" rotation="0 0 0"/>
                    <keyFrame time="1.0" rotation="0 88 0"/>
                </part>
            </animation>
            <controls triggerNode="gateTriggerRightOuter" posAction="ACTIVATE_HANDTOOL" posText="action_openGate" negText="action_closeGate" />
            <sounds>
                <moving linkNode="gateTriggerRightOuter" template="slidingGateMetalLoop"/>
                <posEnd linkNode="gateTriggerRightOuter" template="metalDoorsOpen" />
                <negEnd linkNode="gateTriggerRightOuter" template="metalDoorsClose" />
            </sounds>
        </animatedObject>
    </animatedObjects>


    <infoTrigger triggerNode="infoTrigger" />

    <husbandry saveId="Animals_COW" hasStatistics="false">
        <storage node="robotys" fillTypes="LIQUIDMANURE BUFFALOMILK MILK STRAW MANURE" isExtension="false">
            <capacity fillType="LIQUIDMANURE" capacity="300000" />
            <capacity fillType="MILK" capacity="1000000" />
            <capacity fillType="BUFFALOMILK" capacity="133750" />
            <capacity fillType="STRAW" capacity="1000000" />
            <capacity fillType="MANURE" capacity="1000000" />
        </storage>

        <unloadingStation supportsExtension="true" storageRadius="50" hideFromPricesMenu="true">
            <unloadTrigger exactFillRootNode="exactFillRootNode_1" fillTypes="STRAW" />
            <unloadTrigger fillTypes="MANURE MILK BUFFALOMILK LIQUIDMANURE" />
        </unloadingStation>

        <loadingStation supportsExtension="true" storageRadius="50">
            <loadTrigger triggerNode="liquidManureTrigger" fillTypes="LIQUIDMANURE" fillLitersPerSecond="2000" aiNode="aiLoadingNodeLiquidManure" />
            <loadTrigger triggerNode="milkTankTrigger" fillTypes="MILK BUFFALOMILK" fillLitersPerSecond="2000" aiNode="aiLoadingNodeMilk"/>
        </loadingStation>

        <animals type="COW" maxNumAnimals="2000" maxNumVisualAnimals="50">
            <navigation rootNode="doorsfront" filename="navmehs.i3d" />
            <loadingTrigger node="animalLoadTrigger" />
        </animals>

        <food capacity="1000000" >
            <foodPlaces>
                <foodPlace node="foodPlace1" />
                <foodPlace node="foodPlace2" />
                <foodPlace node="foodPlace3" />
                <foodPlace node="foodPlace4" />
                <foodPlace node="foodPlace5" />
                <foodPlace node="foodPlace6" />
                <foodPlace node="foodPlace7" />
                <foodPlace node="foodPlace8" />
                <foodPlace node="foodPlace9" />
            </foodPlaces>
			<foodPlane node="fillVolumeFood" minY="-0.6" maxY="0" colorChange="false" defaultFillType="forage"/>
            <unloadTrigger exactFillRootNode="exactFillRootNodeFood" />
            <baleTrigger triggerNode="baleTrigger"/>
        </food>

        <liquidManure />

       <milk>
            <milkingRobots>
                <milkingRobot linkNode="milkingRobot1" class="MilkingRobot" filename="$data/placeables/lely/astronautA5/astronautA5.xml" />
                <milkingRobot linkNode="milkingRobot2" class="MilkingRobot" filename="$data/placeables/lely/astronautA5/astronautA5.xml" />
                <milkingRobot linkNode="milkingRobot3" class="MilkingRobot" filename="$data/placeables/lely/astronautA5/astronautA5.xml" />
                <milkingRobot linkNode="milkingRobot4" class="MilkingRobot" filename="$data/placeables/lely/astronautA5/astronautA5.xml" />
            </milkingRobots>
        </milk> 

        <water automaticWaterSupply="true" />

        <straw>
            <manure factor="1.5" />
            <strawPlane node="strawPlanes" minY="-0.236" maxY="0" colorChange="false" />
        </straw>

    </husbandry>
    <lights>
        <group weatherRequiredFlags="NIGHT" />
        <sharedLight filename="$data/shared/assets/lights/terraLed/light150W.xml" linkNode="light1" groupIndex="1" color="1 0 0" />
        <sharedLight filename="$data/shared/assets/lights/terraLed/light150W.xml" linkNode="light1.001" groupIndex="1" color="1 0 0" />
        <sharedLight filename="$data/shared/assets/lights/terraLed/light150W.xml" linkNode="light1.002" groupIndex="1" color="1 0 0" />
        <sharedLight filename="$data/shared/assets/lights/terraLed/light150W.xml" linkNode="light1.003" groupIndex="1" color="1 0 0" />
        <sharedLight filename="$data/shared/assets/lights/terraLed/light150W.xml" linkNode="light1.004" groupIndex="1" color="1 0 0" />
        <sharedLight filename="$data/shared/assets/lights/terraLed/light150W.xml" linkNode="light1.005" groupIndex="1" color="1 0 0" />
        <sharedLight filename="$data/shared/assets/lights/terraLed/light150W.xml" linkNode="light1.006" groupIndex="1" color="1 0 0" />
        <sharedLight filename="$data/shared/assets/lights/terraLed/light150W.xml" linkNode="light1.007" groupIndex="1" color="1 0 0" />
        <sharedLight filename="$data/shared/assets/lights/terraLed/light150W.xml" linkNode="light1.008" groupIndex="1" color="1 0 0" />
        <sharedLight filename="$data/shared/assets/lights/terraLed/light150W.xml" linkNode="light1.009" groupIndex="1" color="1 0 0" />
        <sharedLight filename="$data/shared/assets/lights/terraLed/light150W.xml" linkNode="light2" groupIndex="1" color="1 0 0" />
        <sharedLight filename="$data/shared/assets/lights/terraLed/light150W.xml" linkNode="light2.001" groupIndex="1" color="1 0 0" />
        <sharedLight filename="$data/shared/assets/lights/terraLed/light150W.xml" linkNode="light2.002" groupIndex="1" color="1 0 0" />
        <sharedLight filename="$data/shared/assets/lights/terraLed/light150W.xml" linkNode="light2.003" groupIndex="1" color="1 0 0" />
        <sharedLight filename="$data/shared/assets/lights/terraLed/light150W.xml" linkNode="light2.004" groupIndex="1" color="1 0 0" />
        <sharedLight filename="$data/shared/assets/lights/terraLed/light150W.xml" linkNode="light2.005" groupIndex="1" color="1 0 0" />
        <sharedLight filename="$data/shared/assets/lights/terraLed/light150W.xml" linkNode="light2.006" groupIndex="1" color="1 0 0" />
        <sharedLight filename="$data/shared/assets/lights/terraLed/light150W.xml" linkNode="light2.007" groupIndex="1" color="1 0 0" />
        <sharedLight filename="$data/shared/assets/lights/terraLed/light150W.xml" linkNode="light2.008" groupIndex="1" color="1 0 0" />
        <sharedLight filename="$data/shared/assets/lights/terraLed/light150W.xml" linkNode="light2.009" groupIndex="1" color="1 0 0" />
                <realLights>
            <low>
                <light node="0>3|2|1|0" groupIndex="1"/>
            </low>
            <high>
                <light node="0>3|2|1|1" groupIndex="1"/>
            </high>
        </realLights>
    </lights>
    <ai>
        <updateAreas>
            <updateArea startNode="tipOcclusionUpdateAreas" endNode="tipOcclusionUpdateArea1Start" />
        </updateAreas>
    </ai>

    <colorConfigurations defaultColorIndex="0 0.01 0.002 1">
        <colorConfiguration color="RUDOLFHOERMANN_GREEN"/>
        <colorConfiguration color="RUDOLFHOERMANN_RED"/>
        <colorConfiguration color="RUDOLFHOERMANN_BLUE"/>
        <colorConfiguration color="RUDOLFHOERMANN_DARKGREY"/>
        <colorConfiguration color="RUDOLFHOERMANN_LIGHTGREY"/>
        <colorConfiguration color="RUDOLFHOERMANN_GREYALU"/>
        <colorConfiguration color="RUDOLFHOERMANN_OXIDRED"/>
        <colorConfiguration color="RUDOLFHOERMANN_WOODDARK"/>
        <colorConfiguration color="RUDOLFHOERMANN_LIGHTGREEN"/>
            <node node="0>3|3|28" />
            <node node="0>1|0|0" />
            <node node="0>1|1|0" />
            <node node="0>1|2|0" />
            <node node="0>1|3|0" />
            <node node="deurZij1" />
            <node node="deurZij1.001" />
            <node node="deurZij1.002" />
            <node node="deurZij2" />
            <node node="deurZij2.001" />
            <node node="deurZij2.002" />
	</colorConfigurations>

<i3dMappings>
  <i3dMapping id="stal1" node="0>" />
  <i3dMapping id="cleararea" node="0>0" />
  <i3dMapping id="start" node="0>0|0" />
  <i3dMapping id="start.001" node="0>0|0|0" />
  <i3dMapping id="start.002" node="0>0|0|1" />
  <i3dMapping id="startPutGat" node="0>0|1" />
  <i3dMapping id="putWidth" node="0>0|1|0" />
  <i3dMapping id="putheight" node="0>0|1|1" />
  <i3dMapping id="startSeasons" node="0>0|2" />
  <i3dMapping id="widthseasons" node="0>0|2|0" />
  <i3dMapping id="heightseasons" node="0>0|2|1" />
  <i3dMapping id="doorsfront" node="0>1" />
  <i3dMapping id="deurRechts_0" node="0>1|0" />
  <i3dMapping id="glass_0" node="0>1|0|0" />
  <i3dMapping id="deurLinks_0" node="0>1|1" />
  <i3dMapping id="glass.001_0" node="0>1|1|0" />
  <i3dMapping id="deurRechts_1" node="0>1|2" />
  <i3dMapping id="glass_1" node="0>1|2|0" />
  <i3dMapping id="deurLinks_1" node="0>1|3" />
  <i3dMapping id="glass.001_1" node="0>1|3|0" />
  <i3dMapping id="deurZij1" node="0>1|4" />
  <i3dMapping id="boutjes.001" node="0>1|4|0" />
  <i3dMapping id="deurZij1.001" node="0>1|5" />
  <i3dMapping id="boutjes.004" node="0>1|5|0" />
  <i3dMapping id="deurZij1.002" node="0>1|6" />
  <i3dMapping id="boutjes.006" node="0>1|6|0" />
  <i3dMapping id="deurZij2" node="0>1|7" />
  <i3dMapping id="boutjes.002" node="0>1|7|0" />
  <i3dMapping id="deurZij2.001" node="0>1|8" />
  <i3dMapping id="boutjes.003" node="0>1|8|0" />
  <i3dMapping id="deurZij2.002" node="0>1|9" />
  <i3dMapping id="boutjes.005" node="0>1|9|0" />
  <i3dMapping id="gates_0" node="0>1|10" />
  <i3dMapping id="gateTriggerFront" node="0>1|10|0" />
  <i3dMapping id="gateTriggerBack" node="0>1|10|1" />
  <i3dMapping id="gateTrigger" node="0>1|10|2" />
  <i3dMapping id="gateTriggerMiddle" node="0>1|10|3" />
  <i3dMapping id="gateTriggerPut" node="0>1|10|4" />
  <i3dMapping id="gateTriggerStro" node="0>1|10|5" />
  <i3dMapping id="gateTriggerRight" node="0>1|10|6" />
  <i3dMapping id="gateTriggerRightOuter" node="0>1|10|7" />
  <i3dMapping id="doorAnimation" node="0>2" />
  <i3dMapping id="brug1" node="0>2|0" />
  <i3dMapping id="brugdek1" node="0>2|1" />
  <i3dMapping id="brugdek2" node="0>2|2" />
  <i3dMapping id="cyl2" node="0>2|3" />
  <i3dMapping id="cyl2.001" node="0>2|3|0" />
  <i3dMapping id="cyl1" node="0>2|4" />
  <i3dMapping id="cyl1.001" node="0>2|4|0" />
  <i3dMapping id="dwarsbalk1" node="0>2|5" />
  <i3dMapping id="dwarsbalk2_0" node="0>2|5|0" />
  <i3dMapping id="dwarsbalk2_1" node="0>2|6" />
  <i3dMapping id="dwarsbalk2_2" node="0>2|6|0" />
  <i3dMapping id="visuals" node="0>3" />
  <i3dMapping id="detail" node="0>3|0" />
  <i3dMapping id="put" node="0>3|1" />
  <i3dMapping id="liquidManureTrigger" node="0>3|1|0" />
  <i3dMapping id="aiLoadingNodeLiquidManure" node="0>3|1|0|0" />
  <i3dMapping id="liquidManurePlane" node="0>3|1|1" />
  <i3dMapping id="detectionPlane" node="0>3|1|2" />
  <i3dMapping id="light01" node="0>3|2" />
   <i3dMapping id="lightS" node="0>3|2" />
  <i3dMapping id="lights" node="0>3|2|0" />
  <i3dMapping id="light1" node="0>3|2|0|0" />
  <i3dMapping id="light1.001" node="0>3|2|0|1" />
  <i3dMapping id="light1.002" node="0>3|2|0|2" />
  <i3dMapping id="light1.003" node="0>3|2|0|3" />
  <i3dMapping id="light1.004" node="0>3|2|0|4" />
  <i3dMapping id="light1.005" node="0>3|2|0|5" />
  <i3dMapping id="light1.006" node="0>3|2|0|6" />
  <i3dMapping id="light1.007" node="0>3|2|0|7" />
  <i3dMapping id="light1.008" node="0>3|2|0|8" />
  <i3dMapping id="light1.009" node="0>3|2|0|9" />
  <i3dMapping id="light2" node="0>3|2|0|10" />
  <i3dMapping id="light2.001" node="0>3|2|0|11" />
  <i3dMapping id="light2.002" node="0>3|2|0|12" />
  <i3dMapping id="light2.003" node="0>3|2|0|13" />
  <i3dMapping id="light2.004" node="0>3|2|0|14" />
  <i3dMapping id="light2.005" node="0>3|2|0|15" />
  <i3dMapping id="light2.006" node="0>3|2|0|16" />
  <i3dMapping id="light2.007" node="0>3|2|0|17" />
  <i3dMapping id="light2.008" node="0>3|2|0|18" />
  <i3dMapping id="light2.009" node="0>3|2|0|19" />
  <i3dMapping id="3dshapes" node="0>3|3" />
  <i3dMapping id="Glass???" node="0>3|3|0" />
  <i3dMapping id="boutjes" node="0>3|3|1" />
  <i3dMapping id="boxen.001_0" node="0>3|3|2" />
  <i3dMapping id="boxen.003" node="0>3|3|3" />
  <i3dMapping id="putShape" node="0>3|3|4" />
  <i3dMapping id="boxen.004" node="0>3|3|5" />
  <i3dMapping id="boxen.006" node="0>3|3|6" />
  <i3dMapping id="gaas" node="0>3|3|7" />
  <i3dMapping id="main" node="0>3|3|8" />
  <i3dMapping id="robotHokje" node="0>3|3|9" />
  <i3dMapping id="waterbak_0" node="0>3|3|10" />
  <i3dMapping id="concreteInterior" node="0>3|3|11" />
  <i3dMapping id="Cylinder" node="0>3|3|12" />
  <i3dMapping id="melktank" node="0>3|3|13" />
  <i3dMapping id="melktank.001" node="0>3|3|13|0" />
  <i3dMapping id="ondergrond" node="0>3|3|14" />
  <i3dMapping id="Cylinder.002" node="0>3|3|15" />
  <i3dMapping id="ventis1" node="0>3|3|16" />
  <i3dMapping id="ventilator_0" node="0>3|3|16|0" />
  <i3dMapping id="Cube.002_0" node="0>3|3|16|0|0" />
  <i3dMapping id="Empty_0" node="0>3|3|16|0|1" />
  <i3dMapping id="genericChain_0" node="0>3|3|16|0|2" />
  <i3dMapping id="prop_0" node="0>3|3|16|0|3" />
  <i3dMapping id="ventilator_1" node="0>3|3|16|1" />
  <i3dMapping id="Cube.002_1" node="0>3|3|16|1|0" />
  <i3dMapping id="Empty_1" node="0>3|3|16|1|1" />
  <i3dMapping id="genericChain_1" node="0>3|3|16|1|2" />
  <i3dMapping id="prop_1" node="0>3|3|16|1|3" />
  <i3dMapping id="ventilator_2" node="0>3|3|16|2" />
  <i3dMapping id="Cube.002_2" node="0>3|3|16|2|0" />
  <i3dMapping id="Empty_2" node="0>3|3|16|2|1" />
  <i3dMapping id="genericChain_2" node="0>3|3|16|2|2" />
  <i3dMapping id="prop_2" node="0>3|3|16|2|3" />
  <i3dMapping id="ventilator_3" node="0>3|3|16|3" />
  <i3dMapping id="Cube.002_3" node="0>3|3|16|3|0" />
  <i3dMapping id="Empty_3" node="0>3|3|16|3|1" />
  <i3dMapping id="genericChain_3" node="0>3|3|16|3|2" />
  <i3dMapping id="prop_3" node="0>3|3|16|3|3" />
  <i3dMapping id="ventilator_4" node="0>3|3|16|4" />
  <i3dMapping id="Cube.002_4" node="0>3|3|16|4|0" />
  <i3dMapping id="Empty_4" node="0>3|3|16|4|1" />
  <i3dMapping id="genericChain_4" node="0>3|3|16|4|2" />
  <i3dMapping id="prop_4" node="0>3|3|16|4|3" />
  <i3dMapping id="ventis2" node="0>3|3|17" />
  <i3dMapping id="ventilator_5" node="0>3|3|17|0" />
  <i3dMapping id="Cube.002_5" node="0>3|3|17|0|0" />
  <i3dMapping id="Empty_5" node="0>3|3|17|0|1" />
  <i3dMapping id="genericChain_5" node="0>3|3|17|0|2" />
  <i3dMapping id="prop_5" node="0>3|3|17|0|3" />
  <i3dMapping id="ventilator_6" node="0>3|3|17|1" />
  <i3dMapping id="Cube.002_6" node="0>3|3|17|1|0" />
  <i3dMapping id="Empty_6" node="0>3|3|17|1|1" />
  <i3dMapping id="genericChain_6" node="0>3|3|17|1|2" />
  <i3dMapping id="prop_6" node="0>3|3|17|1|3" />
  <i3dMapping id="ventilator_7" node="0>3|3|17|2" />
  <i3dMapping id="Cube.002_7" node="0>3|3|17|2|0" />
  <i3dMapping id="Empty_7" node="0>3|3|17|2|1" />
  <i3dMapping id="genericChain_7" node="0>3|3|17|2|2" />
  <i3dMapping id="prop_7" node="0>3|3|17|2|3" />
  <i3dMapping id="ventilator_8" node="0>3|3|17|3" />
  <i3dMapping id="Cube.002_8" node="0>3|3|17|3|0" />
  <i3dMapping id="Empty_8" node="0>3|3|17|3|1" />
  <i3dMapping id="genericChain_8" node="0>3|3|17|3|2" />
  <i3dMapping id="prop_8" node="0>3|3|17|3|3" />
  <i3dMapping id="ventilator_9" node="0>3|3|17|4" />
  <i3dMapping id="Cube.002_9" node="0>3|3|17|4|0" />
  <i3dMapping id="Empty_9" node="0>3|3|17|4|1" />
  <i3dMapping id="genericChain_9" node="0>3|3|17|4|2" />
  <i3dMapping id="prop_9" node="0>3|3|17|4|3" />
  <i3dMapping id="waterbak_1" node="0>3|3|18" />
  <i3dMapping id="waterbak_2" node="0>3|3|19" />
  <i3dMapping id="Buienmelkleiding" node="0>3|3|20" />
  <i3dMapping id="boxen.002_0" node="0>3|3|21" />
  <i3dMapping id="roosters" node="0>3|3|22" />
  <i3dMapping id="boxen.002_1" node="0>3|3|23" />
  <i3dMapping id="boxen.001_1" node="0>3|3|24" />
  <i3dMapping id="animalLoadTrigger" node="0>4" />
  <i3dMapping id="waterTrough" node="0>5" />
  <i3dMapping id="robotys" node="0>6" />
  <i3dMapping id="manurearea" node="0>7" />
  <i3dMapping id="empty" node="0>7|0" />
  <i3dMapping id="start_1" node="0>7|0|0" />
  <i3dMapping id="width_0" node="0>7|0|0|0" />
  <i3dMapping id="height_0" node="0>7|0|0|1" />
  <i3dMapping id="manureHeapArea" node="0>7|1" />
  <i3dMapping id="start_2" node="0>7|1|0" />
  <i3dMapping id="width_1" node="0>7|1|0|0" />
  <i3dMapping id="height_1" node="0>7|1|0|1" />
  <i3dMapping id="strawTrigger" node="0>8" />
  <i3dMapping id="exactFillRootNode_1" node="0>8|0" />
  <i3dMapping id="strawPlanes" node="0>8|1" />
  <i3dMapping id="strawPlane02" node="0>8|1|0" />
  <i3dMapping id="strawPlane02Alpha" node="0>8|1|0|0" />
  <i3dMapping id="rideableDeliveryArea" node="0>9" />
  <i3dMapping id="start_3" node="0>9|0" />
  <i3dMapping id="width_2" node="0>9|0|0" />
  <i3dMapping id="height_2" node="0>9|0|1" />
  <i3dMapping id="milkTank" node="0>10" />
  <i3dMapping id="milkTankTrigger" node="0>10|0" />
  <i3dMapping id="milkingRobot1" node="0>10|1" />
  <i3dMapping id="milkingRobot2" node="0>10|2" />
  <i3dMapping id="milkingRobot3" node="0>10|3" />
  <i3dMapping id="milkingRobot4" node="0>10|4" />
  <i3dMapping id="aiLoadingNodeMilk" node="0>10|5" />
  <i3dMapping id="infoTrigger" node="0>11|0" />
  <i3dMapping id="navmesh" node="0>12" />
  <i3dMapping id="plane_0" node="0>12|0" />
  <i3dMapping id="plane_1" node="0>12|1" />
  <i3dMapping id="plane_2" node="0>12|2" />
  <i3dMapping id="plane_3" node="0>12|3" />
  <i3dMapping id="plane_4" node="0>12|4" />
  <i3dMapping id="plane_5" node="0>12|5" />
  <i3dMapping id="plane_6" node="0>12|6" />
  <i3dMapping id="plane_7" node="0>12|7" />
  <i3dMapping id="plane_8" node="0>12|8" />
  <i3dMapping id="plane_9" node="0>12|9" />
  <i3dMapping id="plane_10" node="0>12|10" />
  <i3dMapping id="plane_11" node="0>12|11" />
  <i3dMapping id="plane_12" node="0>12|12" />
  <i3dMapping id="plane_13" node="0>12|13" />
  <i3dMapping id="NavMesh" node="0>13" />
  <i3dMapping id="grass" node="0>15" />
  <i3dMapping id="transform_1" node="0>15|0" />
  <i3dMapping id="start.001_1" node="0>15|0|0" />
  <i3dMapping id="start.002_1" node="0>15|0|1" />
  <i3dMapping id="transform_2" node="0>15|1" />
  <i3dMapping id="start.001_2" node="0>15|1|0" />
  <i3dMapping id="start.002_2" node="0>15|1|1" />
  <i3dMapping id="tipOcclusionUpdateAreas" node="0>16" />
  <i3dMapping id="tipOcclusionUpdateArea1Start" node="0>16|0" />
  <i3dMapping id="tipOcclusionUpdateArea1End" node="0>16|0|0" />
  <i3dMapping id="waterPlaces" node="0>17" />
  <i3dMapping id="waterPlace1" node="0>17|0" />
  <i3dMapping id="food" node="0>18" />
  <i3dMapping id="fillVolumeFood" node="0>18|0" />
  <i3dMapping id="exactFillRootNodeFood" node="0>18|1" />
  <i3dMapping id="foodPlaces" node="0>18|2" />
  <i3dMapping id="foodPlace1" node="0>18|2|0" />
  <i3dMapping id="foodPlace2" node="0>18|2|1" />
  <i3dMapping id="foodPlace3" node="0>18|2|2" />
  <i3dMapping id="foodPlace4" node="0>18|2|3" />
  <i3dMapping id="foodPlace5" node="0>18|2|4" />
  <i3dMapping id="foodPlace6" node="0>18|2|5" />
  <i3dMapping id="foodPlace7" node="0>18|2|6" />
  <i3dMapping id="foodPlace8" node="0>18|2|7" />
  <i3dMapping id="foodPlace9" node="0>18|2|8" />
  <i3dMapping id="baleTrigger" node="0>18|3" />
  <i3dMapping id="teleportNode" node="0>19" />
  <i3dMapping id="markerMilk" node="0>22" />
  <i3dMapping id="markerFood" node="0>23" />
  <i3dMapping id="markerAnimals" node="0>24" />
  <i3dMapping id="markerLiquidManure" node="0>25" />
</i3dMappings>
</placeable>
