<?xml version="1.0" encoding="utf-8" standalone="no"?>
<modDesc descVersion="95">
    <author>Gusse</author>
    <version>1.1.0.0</version>
    <title>
		<en>Cowshed 3+3 Overmøjbæk</en>
		<de>Kuhstall 3+3</de>
		<nl>Koeienstal 3+3</nl>
    </title>
<description>
<en>
Overmøjbæk
</en>
</description>

    <iconFilename>icon_cowshed.png</iconFilename>
    <multiplayer supported="true"/>

    <storeItems>
		<storeItem xmlFilename="husbandryCowLarge4.xml"/>
	</storeItems>
</modDesc>

