﻿<?xml version="1.0" encoding="utf-8" standalone="no" ?>
<modDesc descVersion="94" xmlns:xsi="http://www.w3.org/2001/XMLSchema-instance" xsi:noNamespaceSchemaLocation="https://validation.gdn.giants-software.com/fs25/modDesc.xsd">
    <author>Gusse</author>
    <version>1.0.0.0</version>
    <title>
        <en>Snitter Overmøjbæk</en>
    </title>
    <description>
        <en>Det holder 100</en>
    </description>
    <iconFilename>icon_forageHarvesters_pipeControl.png</iconFilename>
    <multiplayer supported="true"/>
    <l10n>
        <text name="function_pipeControl">
            <en>Control of the position and rotation of the pipe with choice of configuration.</en>
            <de>Kontrolle der Position und Drehung des Rohres mit Wahl der Konfiguration.</de>
        </text>
        <text name="configuration_pipeControl">
            <en>Pipe type and control</en>
            <de>Rohrtyp und Rohrsteuerung</de>
        </text>
    </l10n>
    <storeItems>
        <storeItem rootNode="vehicle" xmlFilename="bigX1180.xml"/>
    </storeItems>
</modDesc>