﻿<?xml version="1.0" encoding="utf-8" standalone="no"?>
<careerSavegame revision="2" valid="true">
    <settings>
        <savegameName>Mit gemte spil</savegameName>
        <creationDate>2025-10-11</creationDate>
        <mapId>FS25_SchwesingBahnhof.Schwesing_Bahnhof</mapId>
        <mapTitle>Schwesing Bahnhof</mapTitle>
        <saveDateFormatted>24/10/2025</saveDateFormatted>
        <saveDate>2025-10-24</saveDate>
        <initialMoney>1000000</initialMoney>
        <initialLoan>0</initialLoan>
        <economicDifficulty>NORMAL</economicDifficulty>
        <hasInitiallyOwnedFarmlands>false</hasInitiallyOwnedFarmlands>
        <loadDefaultFarm>false</loadDefaultFarm>
        <startWithGuidedTour>false</startWithGuidedTour>
        <trafficEnabled>false</trafficEnabled>
        <stopAndGoBraking>true</stopAndGoBraking>
        <trailerFillLimit>false</trailerFillLimit>
        <automaticMotorStartEnabled>false</automaticMotorStartEnabled>
        <growthMode>1</growthMode>
        <plannedDaysPerPeriod>1</plannedDaysPerPeriod>
        <fruitDestruction>true</fruitDestruction>
        <plowingRequiredEnabled>false</plowingRequiredEnabled>
        <stonesEnabled>false</stonesEnabled>
        <weedsEnabled>false</weedsEnabled>
        <limeRequired>true</limeRequired>
        <isSnowEnabled>false</isSnowEnabled>
        <fuelUsage>2</fuelUsage>
        <helperBuyFuel>true</helperBuyFuel>
        <helperBuySeeds>true</helperBuySeeds>
        <helperBuyFertilizer>true</helperBuyFertilizer>
        <helperSlurrySource>2</helperSlurrySource>
        <helperManureSource>2</helperManureSource>
        <densityMapRevision>4</densityMapRevision>
        <terrainTextureRevision>1</terrainTextureRevision>
        <terrainLodTextureRevision>2</terrainLodTextureRevision>
        <splitShapesRevision>2</splitShapesRevision>
        <tipCollisionRevision>2</tipCollisionRevision>
        <placementCollisionRevision>2</placementCollisionRevision>
        <navigationCollisionRevision>2</navigationCollisionRevision>
        <mapDensityMapRevision>1</mapDensityMapRevision>
        <mapTerrainTextureRevision>1</mapTerrainTextureRevision>
        <mapTerrainLodTextureRevision>1</mapTerrainLodTextureRevision>
        <mapSplitShapesRevision>1</mapSplitShapesRevision>
        <mapTipCollisionRevision>1</mapTipCollisionRevision>
        <mapPlacementCollisionRevision>1</mapPlacementCollisionRevision>
        <mapNavigationCollisionRevision>1</mapNavigationCollisionRevision>
        <disasterDestructionState>DISABLED</disasterDestructionState>
        <dirtInterval>3</dirtInterval>
        <timeScale>0.500000</timeScale>
        <autoSaveInterval>15.000000</autoSaveInterval>
    </settings>
    <map>
        <foundHelpIcons>00000000000000000000</foundHelpIcons>
    </map>
    <introductionHelp active="false">
        <shownElements></shownElements>
        <shownHints></shownHints>
    </introductionHelp>
    <statistics>
        <money>37922</money>
        <playTime>1733.113403</playTime>
    </statistics>
    <mapsSplitShapeFileIds count="1">
        <id id="0"/>
    </mapsSplitShapeFileIds>
    <slotSystem slotUsage="2056"/>
    <mod modName="FS25_PickupHitchForageHarvesters" title="Pickup Hitch For Foragers" version="1.0.0.1" required="false" fileHash="a7d543436a5f7ec890727e482a6d9925"/>
    <mod modName="FS25_PlanET_BGA_Modular" title="PlanET Modular BGA" version="1.0.0.1" required="false" fileHash="44a06de81b5f762928c246dbcbbc9756"/>
    <mod modName="FS25_DarkExhaustSmoke" title="Dark Exhaust Smoke" version="1.0.0.2" required="false" fileHash="46c063a9dd992548e329d2cba5a75da8"/>
    <mod modName="FS25_AddableTriggers" title="Addable Triggers" version="1.2.0.0" required="false" fileHash="6b34c6cf7074b20dbb067ef168a9be22"/>
    <mod modName="FS25_Massey_Ferguson_8480_Overmojbeak" title="Massey Ferguson 8480 Overmøjbæk" version="1.0.0.0" required="false" fileHash="657da24f9b244984e07a44887ef0c0f2"/>
    <mod modName="FS25_johnDeereSeries7810" title="John Deere 7810" version="1.0.0.1" required="false" fileHash="4d34becd9f2fd9c342e4dc4c69490732"/>
    <mod modName="FS25_ConcreteFreeLandSilo_Pack" title="Concrete Free Land Silo Pack" version="1.0.0.0" required="false" fileHash="f2e36085b23456f829b01ee7db50a14f"/>
    <mod modName="FS25_WindTurbinePackage" title="Wind Turbine Package" version="1.1.0.0" required="false" fileHash="4512d66783c740fe4d29172bbab86f23"/>
    <mod modName="FS25_ExtendedGameInfoDisplay" title="Extended Game Infodisplay" version="1.1.0.0" required="false" fileHash="c9bdefc57caf873b39acc17091d81057"/>
    <mod modName="FS25_radium255overmojbeak" title="I/S Overmøjbæk" version="1.0.0.0" required="false" fileHash="a8fe821d021c2d2716586d4375f969b3"/>
    <mod modName="FS25_animalLimitIncreaser64" title="More Animal Husbandries Possible (64)" version="1.0.0.0" required="false" fileHash="f9ea6f465013e7f0aeafa385e8e47127"/>
    <mod modName="FS25_MeadowFence_placeables" title="Meadow Fence Pack" version="1.0.0.0" required="false" fileHash="d08f7f35f043a3ea5517af51cfa52933"/>
    <mod modName="FS25_TowingChain" title="Towing Chain With Hook" version="1.0.0.0" required="false" fileHash="cbca7e8be7de06b27f5c269bc4a47fdd"/>
    <mod modName="FS25_Filllevelwarning" title="Filllevel Warning" version="1.0.0.0" required="false" fileHash="fb152008f30498675762a3e8a31a9db2"/>
    <mod modName="FS25_cowShedsPack2" title="Cowshed Pack" version="1.0.0.0" required="false" fileHash="187af7ab52d56f26c39c2e1410adabba"/>
    <mod modName="FS25_JohnDeere_8000" title="John Deere 8000" version="1.0.0.0" required="false" fileHash="a525902f2fd7389fc672c62879d5bcea"/>
    <mod modName="FS25_Tim_Thyregod_GVS40" title="Tim-thyregod opdateret" version="1.1.0.0" required="false" fileHash="d10d018900506d3d6a72a5c59c2c52dc"/>
    <mod modName="FS25_MA_GreenShelter" title="Shelter" version="1.0.0.0" required="false" fileHash="2a3b63b76be1ddec6bf566221c2e4fd2"/>
    <mod modName="FS25_manualDischarge" title="Manual Discharge" version="1.0.0.1" required="false" fileHash="25e383e1637a60ba73017a97b760430c"/>
    <mod modName="FS25_International1455XL_Overmojbeak" title="International 1455 XL Overmøjbæk" version="1.0.0.0" required="false" fileHash="b01b4559e1b38e34b682f3c7381a5f99"/>
    <mod modName="FS25_MA_shedStoragePack" title="Sheds and Storages" version="1.0.0.0" required="false" fileHash="7900c944018d630dfad6660cf3a32dd7"/>
    <mod modName="FS25_stallingShedPack" title="Shed Pack" version="1.0.0.0" required="false" fileHash="ab475148d37648ea0a0b9110b07c5671"/>
    <mod modName="FS25_Silage_Bunker" title="Silage Bunker" version="1.0.0.0" required="false" fileHash="2914b44f50351de9ac7b44a1621c02b9"/>
    <mod modName="FS25_FarmFillStations" title="Farm Fill Stations" version="1.0.0.0" required="false" fileHash="44eb38cd6aa0386b96d11fdadacf204b"/>
    <mod modName="FS25_houseOldPackage" title="Old Farm Package" version="1.0.0.0" required="false" fileHash="b23373ac4a28a2c390c66bd032bb9a6d"/>
    <mod modName="FS25_QuickScreenshotMode" title="Quick Screenshot Mode" version="1.0.0.0" required="false" fileHash="14b5803e8db20b544e9942df378b03f2"/>
    <mod modName="FS25_CowBarnBig_LIZARD_Feeder" title="Cow Barn Big With LIZARD Mixfeeder" version="1.0.0.2" required="false" fileHash="6b83e9f1e6ba523e9c99f923ff2678e5"/>
    <mod modName="FS25_realClock" title="RealClock Mod" version="1.0.0.0" required="false" fileHash="4266fc66736e21fcfda4497c2f7151ef"/>
    <mod modName="FS25_productionsLimitIncreaser120" title="More Productions Possible (120)" version="1.0.0.0" required="false" fileHash="8711827e44e6668a8fa53ed317149ce7"/>
    <mod modName="FS25_MasseyFerguson_7700S" title="Massey Ferguson 7700 S" version="1.0.0.0" required="false" fileHash="fa28bb4866709627039e7889b8a06db3"/>
    <mod modName="FS25_Massey_Ferguson_Series_MxGs" title="MF Series" version="1.0.0.0" required="false" fileHash="37649856869c21c19338ec19d228c730"/>
    <mod modName="FS25_Siloplate" title="Siloplate" version="1.0.0.0" required="false" fileHash="f27f1f048c69b628d29750320c7c0772"/>
    <mod modName="FS25_farmPackVol3" title="Farmhouse Package Volume 3" version="1.1.0.0" required="false" fileHash="1ce4398296589f63c2fa4694461aa8fb"/>
    <mod modName="FS25_MasseyFerguson_8700S" title="Massey Ferguson 8700 S" version="1.0.0.0" required="false" fileHash="5bba9360ab3e09b69af76b8818ea165c"/>
    <mod modName="FS25_cultivatorFieldCreator" title="Cultivator Field Creator" version="1.0.0.0" required="false" fileHash="70325b700fa5c2dba89b10727b7632bf"/>
    <mod modName="FS25_autoTurnOffTurnLights" title="Auto Turn Off For Turn Lights" version="1.0.1.1" required="false" fileHash="1aa6fc8d94ff4a18aecc24e8080809e2"/>
    <mod modName="FS25_additionalFieldInfo" title="Additional Field Info" version="1.0.1.0" required="false" fileHash="58a71f0808d515f8f8f8f4d4c2a6f751"/>
    <mod modName="FS25_MFseries7720S_overmojbeak" title="Massey Ferguson 7720S Overmøjbæk edit" version="1.0.0.0" required="false" fileHash="bb733483cef2a21c7548f1af02b9e895"/>
    <mod modName="FS25_MoreMissions" title="More Missions" version="1.0.0.0" required="false" fileHash="b7696775614391e825436ea81e769801"/>
    <mod modName="FS25_precisionFarming" title="Precision Farming" version="1.3.0.0" required="false" fileHash="56bfb0e7a74cb83dfcfa9599a09a2cf3"/>
    <mod modName="FS25_MA_largeStorageHalls" title="Large Storage Halls" version="1.0.0.0" required="false" fileHash="7a4815ed8c59768a4700129bb474238e"/>
    <mod modName="FS25_MA_hedgePlaceable" title="Placeable Hedges" version="1.0.0.0" required="false" fileHash="e8da42ba4892ab57c8c0c9ef9f0a02cc"/>
    <mod modName="OSMC" title="Orum GMD 8500" version="1.0.0.0" required="false" fileHash="ad0b19c3a4b4c6514b7402a0a66efb32"/>
    <mod modName="FS25_Snitter_Overmojbeak" title="Snitter Overmøjbæk" version="1.0.0.0" required="false" fileHash="322fce4fb816be1a5fb33f000eeb277b"/>
    <mod modName="FS25_SchwesingBahnhof" title="Schwesing Bahnhof" version="1.0.1.0" required="true" fileHash="927f83d0400346816b27050efaef4c2d"/>
    <mod modName="FS25_modernHouseSet" title="Modern House Set" version="1.0.0.0" required="false" fileHash="ab286769ec818947776b23eec1581897"/>
    <mod modName="FS25_outdoorSiloPack" title="Outdoor Silos" version="1.0.0.0" required="false" fileHash="1197fe14caef581890727c4180c2eaaf"/>
    <mod modName="FS25_poettingerMowerPack" title="Pöttinger Novacat A10 Cross Flow + 301 AM ED Pro" version="1.0.0.0" required="false" fileHash="1937896a063e2ec4c93a5735be813883"/>
    <mod modName="FS25_exhaustExtension" title="Exhaust Extension" version="1.0.0.3" required="false" fileHash="7f716ec7f8bcb694511377055a133941"/>
    <mod modName="FS25_PG_II_28_Genesis_Overmojbeak" title="PG II Overmøjbæk" version="1.0.0.0" required="false" fileHash="bf13437eb8221b5fb610dcdca78c3af0"/>
    <mod modName="FS25_additionalCurrencies" title="Additional Currencies" version="1.0.0.1" required="false" fileHash="6dd72a6263af4fd011fe277320c980c4"/>
</careerSavegame>
