﻿<?xml version="1.0" encoding="utf-8" standalone="no"?>
<tipTypeMappings>
    <tipTypeMapping fillType="WHEAT" index="1"/>
    <tipTypeMapping fillType="BARLEY" index="2"/>
    <tipTypeMapping fillType="OAT" index="3"/>
    <tipTypeMapping fillType="CANOLA" index="4"/>
    <tipTypeMapping fillType="SORGHUM" index="5"/>
    <tipTypeMapping fillType="SUNFLOWER" index="6"/>
    <tipTypeMapping fillType="SOYBEAN" index="7"/>
    <tipTypeMapping fillType="MAIZE" index="8"/>
    <tipTypeMapping fillType="POTATO" index="9"/>
    <tipTypeMapping fillType="SUGARBEET" index="10"/>
    <tipTypeMapping fillType="BEETROOT" index="11"/>
    <tipTypeMapping fillType="CARROT" index="12"/>
    <tipTypeMapping fillType="PARSNIP" index="13"/>
    <tipTypeMapping fillType="COTTON" index="14"/>
    <tipTypeMapping fillType="RICELONGGRAIN" index="15"/>
    <tipTypeMapping fillType="RICE" index="16"/>
    <tipTypeMapping fillType="GREENBEAN" index="17"/>
    <tipTypeMapping fillType="PEA" index="18"/>
    <tipTypeMapping fillType="SPINACH" index="19"/>
    <tipTypeMapping fillType="SUGARCANE" index="20"/>
    <tipTypeMapping fillType="WOODCHIPS" index="21"/>
    <tipTypeMapping fillType="SUGARBEET_CUT" index="22"/>
    <tipTypeMapping fillType="SILAGE" index="23"/>
    <tipTypeMapping fillType="GRASS_WINDROW" index="24"/>
    <tipTypeMapping fillType="DRYGRASS_WINDROW" index="25"/>
    <tipTypeMapping fillType="STRAW" index="26"/>
    <tipTypeMapping fillType="WHEAT_CUT" index="27"/>
    <tipTypeMapping fillType="BARLEY_CUT" index="28"/>
    <tipTypeMapping fillType="OAT_CUT" index="29"/>
    <tipTypeMapping fillType="CANOLA_CUT" index="30"/>
    <tipTypeMapping fillType="SOYBEAN_CUT" index="31"/>
    <tipTypeMapping fillType="GRAPE" index="32"/>
    <tipTypeMapping fillType="OLIVE" index="33"/>
    <tipTypeMapping fillType="SEEDS" index="34"/>
    <tipTypeMapping fillType="STONE" index="35"/>
    <tipTypeMapping fillType="MANURE" index="36"/>
    <tipTypeMapping fillType="LIQUIDMANURE" index="37"/>
    <tipTypeMapping fillType="DIGESTATE" index="38"/>
    <tipTypeMapping fillType="FORAGE" index="39"/>
    <tipTypeMapping fillType="CHAFF" index="40"/>
    <tipTypeMapping fillType="POPLAR" index="41"/>
    <tipTypeMapping fillType="SNOW" index="42"/>
    <tipTypeMapping fillType="ROADSALT" index="43"/>
    <tipTypeMapping fillType="FERTILIZER" index="44"/>
    <tipTypeMapping fillType="PIGFOOD" index="45"/>
    <tipTypeMapping fillType="TARP" index="46"/>
    <tipTypeMapping fillType="LIME" index="47"/>
    <tipTypeMapping fillType="MINERAL_FEED" index="48"/>
    <tipTypeMapping fillType="RYE" index="49"/>
    <tipTypeMapping fillType="TRITICALE" index="50"/>
    <tipTypeMapping fillType="SPELT" index="51"/>
</tipTypeMappings>
