﻿<?xml version="1.0" encoding="utf-8" standalone="no"?>
<environment>
    <dayTime>595.709656</dayTime>
    <currentDay>13</currentDay>
    <currentMonotonicDay>13</currentMonotonicDay>
    <realHourTimer>387839</realHourTimer>
    <daysPerPeriod>1</daysPerPeriod>
    <lighting>
        <toneMapping slope="1.000000" toe="0.400000" shoulder="0.800000" blackClip="0.000000" whiteClip="0.040000"/>
    </lighting>
    <weather timeSinceLastRain="41">
        <forecast>
            <instance typeName="CLOUDY" season="SPRING" variationIndex="3" startDay="13" startDayTime="32400000" duration="32400000"/>
            <instance typeName="SUN" season="SPRING" variationIndex="3" startDay="13" startDayTime="64800000" duration="39600000"/>
            <instance typeName="HAIL" season="SPRING" variationIndex="1" startDay="14" startDayTime="18000000" duration="7200000">
                <hail perlinPercentage="6905"/>
            </instance>
            <instance typeName="SUN" season="SPRING" variationIndex="2" startDay="14" startDayTime="25200000" duration="43200000"/>
            <instance typeName="SUN" season="SPRING" variationIndex="2" startDay="14" startDayTime="68400000" duration="21600000"/>
            <instance typeName="CLOUDY" season="SPRING" variationIndex="1" startDay="15" startDayTime="3600000" duration="18000000"/>
            <instance typeName="CLOUDY" season="SPRING" variationIndex="2" startDay="15" startDayTime="21600000" duration="36000000"/>
            <instance typeName="SUN" season="SPRING" variationIndex="4" startDay="15" startDayTime="57600000" duration="28800000"/>
            <instance typeName="CLOUDY" season="SUMMER" variationIndex="4" startDay="16" startDayTime="0" duration="32400000"/>
            <instance typeName="CLOUDY" season="SUMMER" variationIndex="1" startDay="16" startDayTime="32400000" duration="18000000"/>
            <instance typeName="CLOUDY" season="SUMMER" variationIndex="3" startDay="16" startDayTime="50400000" duration="28800000"/>
            <instance typeName="RAIN" season="SUMMER" variationIndex="1" startDay="16" startDayTime="79200000" duration="3600000"/>
            <instance typeName="RAIN" season="SUMMER" variationIndex="1" startDay="16" startDayTime="82800000" duration="7200000"/>
            <instance typeName="SUN" season="SUMMER" variationIndex="4" startDay="17" startDayTime="3600000" duration="39600000"/>
            <instance typeName="CLOUDY" season="SUMMER" variationIndex="4" startDay="17" startDayTime="43200000" duration="21600000"/>
            <instance typeName="CLOUDY" season="SUMMER" variationIndex="2" startDay="17" startDayTime="64800000" duration="28800000"/>
            <instance typeName="CLOUDY" season="SUMMER" variationIndex="3" startDay="18" startDayTime="7200000" duration="32400000"/>
            <instance typeName="CLOUDY" season="SUMMER" variationIndex="3" startDay="18" startDayTime="39600000" duration="25200000"/>
            <instance typeName="CLOUDY" season="SUMMER" variationIndex="4" startDay="18" startDayTime="64800000" duration="21600000"/>
            <instance typeName="CLOUDY" season="AUTUMN" variationIndex="3" startDay="19" startDayTime="0" duration="32400000"/>
            <instance typeName="CLOUDY" season="AUTUMN" variationIndex="3" startDay="19" startDayTime="32400000" duration="32400000"/>
            <instance typeName="RAIN" season="AUTUMN" variationIndex="1" startDay="19" startDayTime="64800000" duration="3600000"/>
            <instance typeName="RAIN" season="AUTUMN" variationIndex="4" startDay="19" startDayTime="68400000" duration="7200000"/>
            <instance typeName="CLOUDY" season="AUTUMN" variationIndex="2" startDay="19" startDayTime="75600000" duration="28800000"/>
            <instance typeName="RAIN" season="AUTUMN" variationIndex="1" startDay="20" startDayTime="18000000" duration="7200000"/>
            <instance typeName="RAIN" season="AUTUMN" variationIndex="4" startDay="20" startDayTime="25200000" duration="3600000"/>
            <instance typeName="RAIN" season="AUTUMN" variationIndex="4" startDay="20" startDayTime="28800000" duration="3600000"/>
            <instance typeName="CLOUDY" season="AUTUMN" variationIndex="2" startDay="20" startDayTime="32400000" duration="28800000"/>
            <instance typeName="CLOUDY" season="AUTUMN" variationIndex="1" startDay="20" startDayTime="61200000" duration="18000000"/>
            <instance typeName="RAIN" season="AUTUMN" variationIndex="1" startDay="20" startDayTime="79200000" duration="10800000"/>
            <instance typeName="CLOUDY" season="AUTUMN" variationIndex="2" startDay="21" startDayTime="3600000" duration="21600000"/>
            <instance typeName="RAIN" season="AUTUMN" variationIndex="2" startDay="21" startDayTime="25200000" duration="7200000"/>
            <instance typeName="SUN" season="AUTUMN" variationIndex="3" startDay="21" startDayTime="32400000" duration="28800000"/>
            <instance typeName="SUN" season="AUTUMN" variationIndex="4" startDay="21" startDayTime="61200000" duration="25200000"/>
            <instance typeName="CLOUDY" season="WINTER" variationIndex="2" startDay="22" startDayTime="0" duration="32400000"/>
        </forecast>
        <fog alpha="1.000000" visibilityAlpha="0.000000" duration="3600000.000000">
            <target>
                <groundFog coverageEdge0="0.395319" coverageEdge1="0.898598" extraHeight="6.774526" groundLevelDensity="0.167321" minValleyDepth="7.092083" startDayTimeMinutes="193" endDayTimeMinutes="494" weatherTypes="SUN CLOUDY"/>
                <heightFog maxHeight="496.333160" groundLevelDensity="0.146131"/>
            </target>
            <last>
                <groundFog coverageEdge0="0.054425" coverageEdge1="0.911328" extraHeight="7.236289" groundLevelDensity="0.045269" minValleyDepth="6.357081" startDayTimeMinutes="181" endDayTimeMinutes="590" weatherTypes="SUN CLOUDY"/>
                <heightFog maxHeight="592.006165" groundLevelDensity="0.092962"/>
            </last>
        </fog>
        <snow height="0.000000"/>
        <ground wetness="0.000000"/>
        <twister position="0.00 0.00 0.00" isSpawned="false" fadeDirection="0" fadeValue="0.000000" metersPerHour="0.000000"/>
    </weather>
    <snow physicalHeight="0.000000" height="0.000000"/>
</environment>
