﻿<?xml version="1.0" encoding="utf-8" standalone="no"?>
<farmlands>
    <farmland id="1" farmId="1"/>
    <farmland id="2" farmId="0"/>
    <farmland id="3" farmId="0"/>
    <farmland id="4" farmId="0"/>
    <farmland id="5" farmId="1"/>
    <farmland id="6" farmId="0"/>
    <farmland id="7" farmId="1"/>
    <farmland id="8" farmId="0"/>
    <farmland id="9" farmId="0"/>
    <farmland id="10" farmId="0"/>
    <farmland id="11" farmId="0"/>
    <farmland id="12" farmId="0"/>
    <farmland id="13" farmId="0"/>
    <farmland id="14" farmId="1"/>
    <farmland id="15" farmId="1"/>
    <farmland id="16" farmId="1"/>
    <farmland id="17" farmId="0"/>
    <farmland id="18" farmId="0"/>
    <farmland id="19" farmId="0"/>
    <farmland id="20" farmId="0"/>
    <farmland id="21" farmId="0"/>
    <farmland id="22" farmId="0"/>
    <farmland id="23" farmId="0"/>
    <farmland id="24" farmId="0"/>
    <farmland id="25" farmId="0"/>
    <farmland id="26" farmId="0"/>
    <farmland id="27" farmId="0"/>
    <farmland id="28" farmId="0"/>
    <farmland id="29" farmId="0"/>
    <farmland id="30" farmId="0"/>
    <farmland id="31" farmId="0"/>
    <farmland id="32" farmId="0"/>
    <farmland id="33" farmId="1"/>
    <farmland id="34" farmId="1"/>
    <farmland id="35" farmId="1"/>
    <farmland id="36" farmId="1"/>
    <farmland id="37" farmId="0"/>
    <farmland id="38" farmId="1"/>
    <farmland id="39" farmId="1"/>
    <farmland id="40" farmId="0"/>
    <farmland id="41" farmId="1"/>
    <farmland id="42" farmId="0"/>
    <farmland id="43" farmId="0"/>
    <farmland id="44" farmId="0"/>
    <farmland id="45" farmId="0"/>
    <farmland id="46" farmId="0"/>
    <farmland id="47" farmId="0"/>
    <farmland id="48" farmId="0"/>
    <farmland id="49" farmId="0"/>
    <farmland id="50" farmId="0"/>
    <farmland id="51" farmId="0"/>
    <farmland id="52" farmId="0"/>
    <farmland id="53" farmId="0"/>
    <farmland id="54" farmId="0"/>
    <farmland id="55" farmId="0"/>
    <farmland id="56" farmId="0"/>
    <farmland id="57" farmId="0"/>
    <farmland id="58" farmId="0"/>
    <farmland id="59" farmId="0"/>
    <farmland id="60" farmId="0"/>
    <farmland id="61" farmId="0"/>
    <farmland id="62" farmId="0"/>
    <farmland id="63" farmId="0"/>
    <farmland id="64" farmId="0"/>
    <farmland id="65" farmId="0"/>
    <farmland id="66" farmId="0"/>
    <farmland id="67" farmId="0"/>
    <farmland id="68" farmId="0"/>
    <farmland id="69" farmId="0"/>
    <farmland id="70" farmId="0"/>
    <farmland id="71" farmId="0"/>
    <farmland id="72" farmId="0"/>
    <farmland id="73" farmId="0"/>
    <farmland id="74" farmId="0"/>
    <farmland id="75" farmId="0"/>
    <farmland id="76" farmId="0"/>
    <farmland id="77" farmId="0"/>
    <farmland id="78" farmId="0"/>
    <farmland id="79" farmId="0"/>
    <farmland id="80" farmId="0"/>
    <farmland id="81" farmId="0"/>
    <farmland id="82" farmId="0"/>
    <farmland id="83" farmId="0"/>
    <farmland id="84" farmId="0"/>
    <farmland id="85" farmId="0"/>
    <farmland id="86" farmId="0"/>
    <farmland id="87" farmId="0"/>
    <farmland id="88" farmId="0"/>
    <farmland id="89" farmId="1"/>
    <farmland id="90" farmId="0"/>
    <farmland id="91" farmId="1"/>
    <farmland id="92" farmId="0"/>
    <farmland id="93" farmId="0"/>
    <farmland id="94" farmId="1"/>
    <farmland id="95" farmId="0"/>
    <farmland id="96" farmId="0"/>
    <farmland id="97" farmId="0"/>
    <farmland id="98" farmId="0"/>
    <farmland id="99" farmId="0"/>
    <farmland id="100" farmId="0"/>
    <farmland id="101" farmId="0"/>
    <farmland id="102" farmId="0"/>
    <farmland id="103" farmId="0"/>
    <farmland id="104" farmId="0"/>
    <farmland id="105" farmId="1"/>
    <farmland id="106" farmId="0"/>
    <farmland id="107" farmId="0"/>
    <farmland id="108" farmId="1"/>
    <farmland id="109" farmId="1"/>
    <farmland id="110" farmId="0"/>
    <farmland id="111" farmId="0"/>
    <farmland id="112" farmId="0"/>
    <farmland id="113" farmId="0"/>
    <farmland id="114" farmId="0"/>
    <farmland id="115" farmId="0"/>
    <farmland id="116" farmId="0"/>
    <farmland id="117" farmId="0"/>
    <farmland id="118" farmId="0"/>
    <farmland id="119" farmId="0"/>
    <farmland id="120" farmId="0"/>
    <farmland id="121" farmId="0"/>
    <farmland id="122" farmId="0"/>
    <farmland id="123" farmId="0"/>
    <farmland id="124" farmId="0"/>
    <farmland id="125" farmId="0"/>
    <farmland id="126" farmId="0"/>
    <farmland id="127" farmId="0"/>
    <farmland id="128" farmId="0"/>
    <farmland id="129" farmId="0"/>
    <farmland id="130" farmId="0"/>
    <farmland id="131" farmId="0"/>
    <farmland id="132" farmId="0"/>
    <farmland id="133" farmId="0"/>
    <farmland id="134" farmId="0"/>
    <farmland id="135" farmId="0"/>
    <farmland id="136" farmId="0"/>
    <farmland id="137" farmId="1"/>
    <farmland id="138" farmId="0"/>
    <farmland id="139" farmId="0"/>
    <farmland id="140" farmId="1"/>
    <farmland id="141" farmId="0"/>
    <farmland id="142" farmId="0"/>
    <farmland id="143" farmId="0"/>
    <farmland id="144" farmId="0"/>
    <farmland id="145" farmId="0"/>
    <farmland id="146" farmId="0"/>
    <farmland id="147" farmId="0"/>
    <farmland id="148" farmId="0"/>
    <farmland id="149" farmId="0"/>
    <farmland id="150" farmId="0"/>
    <farmland id="151" farmId="0"/>
    <farmland id="152" farmId="0"/>
    <farmland id="153" farmId="0"/>
    <farmland id="154" farmId="0"/>
    <farmland id="155" farmId="0"/>
    <farmland id="156" farmId="0"/>
    <farmland id="157" farmId="0"/>
    <farmland id="158" farmId="0"/>
    <farmland id="159" farmId="0"/>
    <farmland id="160" farmId="0"/>
    <farmland id="161" farmId="0"/>
    <farmland id="162" farmId="0"/>
    <farmland id="163" farmId="0"/>
    <farmland id="164" farmId="0"/>
    <farmland id="165" farmId="0"/>
    <farmland id="166" farmId="0"/>
    <farmland id="167" farmId="0"/>
    <farmland id="168" farmId="0"/>
    <farmland id="169" farmId="0"/>
    <farmland id="170" farmId="0"/>
    <farmland id="171" farmId="0"/>
    <farmland id="172" farmId="0"/>
    <farmland id="173" farmId="0"/>
    <farmland id="174" farmId="0"/>
    <farmland id="175" farmId="0"/>
    <farmland id="176" farmId="0"/>
    <farmland id="177" farmId="0"/>
    <farmland id="178" farmId="0"/>
    <farmland id="179" farmId="0"/>
    <farmland id="180" farmId="0"/>
    <farmland id="181" farmId="0"/>
    <farmland id="182" farmId="0"/>
    <farmland id="183" farmId="0"/>
    <farmland id="184" farmId="0"/>
    <farmland id="185" farmId="0"/>
    <farmland id="186" farmId="0"/>
    <farmland id="187" farmId="0"/>
    <farmland id="188" farmId="0"/>
    <farmland id="189" farmId="0"/>
    <farmland id="190" farmId="0"/>
    <farmland id="191" farmId="0"/>
    <farmland id="192" farmId="0"/>
    <farmland id="193" farmId="0"/>
    <farmland id="194" farmId="0"/>
    <farmland id="195" farmId="0"/>
    <farmland id="196" farmId="0"/>
    <farmland id="197" farmId="0"/>
    <farmland id="198" farmId="0"/>
    <farmland id="199" farmId="0"/>
    <farmland id="200" farmId="0"/>
    <farmland id="201" farmId="0"/>
    <farmland id="202" farmId="0"/>
    <farmland id="203" farmId="0"/>
    <farmland id="204" farmId="0"/>
    <farmland id="205" farmId="0"/>
    <farmland id="206" farmId="0"/>
    <farmland id="207" farmId="0"/>
    <farmland id="208" farmId="0"/>
    <farmland id="209" farmId="0"/>
    <farmland id="210" farmId="0"/>
    <farmland id="211" farmId="0"/>
    <farmland id="212" farmId="0"/>
    <farmland id="213" farmId="0"/>
    <farmland id="214" farmId="0"/>
    <farmland id="215" farmId="0"/>
    <farmland id="216" farmId="0"/>
    <farmland id="217" farmId="0"/>
    <farmland id="218" farmId="0"/>
    <farmland id="219" farmId="0"/>
    <farmland id="220" farmId="0"/>
    <farmland id="221" farmId="0"/>
    <farmland id="222" farmId="0"/>
    <farmland id="223" farmId="0"/>
    <farmland id="224" farmId="0"/>
    <farmland id="225" farmId="0"/>
    <farmland id="226" farmId="0"/>
    <farmland id="227" farmId="0"/>
    <farmland id="228" farmId="0"/>
    <farmland id="229" farmId="0"/>
    <farmland id="230" farmId="0"/>
    <farmland id="231" farmId="0"/>
    <farmland id="232" farmId="0"/>
    <farmland id="233" farmId="0"/>
    <farmland id="234" farmId="0"/>
    <farmland id="235" farmId="0"/>
    <farmland id="236" farmId="0"/>
    <farmland id="237" farmId="0"/>
    <farmland id="238" farmId="0"/>
    <farmland id="239" farmId="0"/>
    <farmland id="240" farmId="0"/>
    <farmland id="241" farmId="0"/>
    <farmland id="242" farmId="0"/>
    <farmland id="243" farmId="0"/>
    <farmland id="244" farmId="0"/>
    <farmland id="245" farmId="0"/>
    <farmland id="246" farmId="0"/>
    <farmland id="247" farmId="0"/>
    <farmland id="248" farmId="0"/>
    <farmland id="249" farmId="0"/>
    <farmland id="250" farmId="0"/>
    <farmland id="251" farmId="0"/>
    <farmland id="252" farmId="0"/>
    <farmland id="253" farmId="0"/>
    <farmland id="254" farmId="0"/>
    <farmland id="255" farmId="0"/>
</farmlands>
