﻿<?xml version="1.0" encoding="utf-8" standalone="no"?>
<fields>
    <field id="1" plannedFruit="FALLOW" fruitType="UNKNOWN" growthState="0" lastGrowthState="0" weedState="0" stoneLevel="0" groundType="PLOWED" sprayType="NONE" sprayLevel="0" limeLevel="1" rollerLevel="0" plowLevel="1" stubbleShredLevel="0" waterLevel="0"/>
    <field id="2" plannedFruit="FALLOW" fruitType="UNKNOWN" growthState="0" lastGrowthState="0" weedState="0" stoneLevel="0" groundType="CULTIVATED" sprayType="NONE" sprayLevel="2" limeLevel="1" rollerLevel="0" plowLevel="0" stubbleShredLevel="0" waterLevel="0"/>
    <field id="3" plannedFruit="FALLOW" fruitType="GRASS" growthState="2" lastGrowthState="2" weedState="0" stoneLevel="0" groundType="GRASS" sprayType="FERTILIZER" sprayLevel="2" limeLevel="1" rollerLevel="0" plowLevel="1" stubbleShredLevel="0" waterLevel="0"/>
    <field id="4" plannedFruit="FALLOW" fruitType="OAT" growthState="1" lastGrowthState="0" weedState="0" stoneLevel="0" groundType="SOWN" sprayType="NONE" sprayLevel="1" limeLevel="3" rollerLevel="0" plowLevel="1" stubbleShredLevel="0" waterLevel="0"/>
    <field id="5" plannedFruit="OAT" fruitType="UNKNOWN" growthState="0" lastGrowthState="0" weedState="0" stoneLevel="0" groundType="CULTIVATED" sprayType="LIME" sprayLevel="0" limeLevel="1" rollerLevel="0" plowLevel="1" stubbleShredLevel="0" waterLevel="0"/>
    <field id="6" plannedFruit="RYE" fruitType="UNKNOWN" growthState="0" lastGrowthState="0" weedState="0" stoneLevel="0" groundType="PLOWED" sprayType="NONE" sprayLevel="0" limeLevel="2" rollerLevel="0" plowLevel="1" stubbleShredLevel="0" waterLevel="0"/>
    <field id="7" plannedFruit="FALLOW" fruitType="UNKNOWN" growthState="0" lastGrowthState="0" weedState="0" stoneLevel="0" groundType="CULTIVATED" sprayType="NONE" sprayLevel="2" limeLevel="2" rollerLevel="0" plowLevel="1" stubbleShredLevel="0" waterLevel="0"/>
    <field id="8" plannedFruit="FALLOW" fruitType="GRASS" growthState="2" lastGrowthState="2" weedState="0" stoneLevel="0" groundType="GRASS" sprayType="FERTILIZER" sprayLevel="2" limeLevel="3" rollerLevel="0" plowLevel="1" stubbleShredLevel="0" waterLevel="0"/>
    <field id="9" plannedFruit="FALLOW" fruitType="UNKNOWN" growthState="0" lastGrowthState="0" weedState="0" stoneLevel="0" groundType="PLOWED" sprayType="NONE" sprayLevel="1" limeLevel="1" rollerLevel="0" plowLevel="1" stubbleShredLevel="0" waterLevel="0"/>
    <field id="10" plannedFruit="CARROT" fruitType="UNKNOWN" growthState="0" lastGrowthState="0" weedState="0" stoneLevel="0" groundType="PLOWED" sprayType="NONE" sprayLevel="1" limeLevel="0" rollerLevel="0" plowLevel="1" stubbleShredLevel="0" waterLevel="0"/>
    <field id="11" plannedFruit="MAIZE" fruitType="UNKNOWN" growthState="0" lastGrowthState="0" weedState="5" stoneLevel="0" groundType="SOWN" sprayType="NONE" sprayLevel="2" limeLevel="3" rollerLevel="0" plowLevel="1" stubbleShredLevel="0" waterLevel="0"/>
    <field id="12" plannedFruit="SPELT" fruitType="UNKNOWN" growthState="0" lastGrowthState="0" weedState="0" stoneLevel="0" groundType="CULTIVATED" sprayType="NONE" sprayLevel="0" limeLevel="2" rollerLevel="0" plowLevel="1" stubbleShredLevel="0" waterLevel="0"/>
    <field id="13" plannedFruit="FALLOW" fruitType="GRASS" growthState="2" lastGrowthState="2" weedState="0" stoneLevel="0" groundType="GRASS" sprayType="NONE" sprayLevel="2" limeLevel="3" rollerLevel="0" plowLevel="1" stubbleShredLevel="0" waterLevel="0"/>
    <field id="14" plannedFruit="FALLOW" fruitType="GRASS" growthState="2" lastGrowthState="4" weedState="0" stoneLevel="0" groundType="GRASS" sprayType="NONE" sprayLevel="0" limeLevel="1" rollerLevel="0" plowLevel="1" stubbleShredLevel="0" waterLevel="0"/>
    <field id="15" plannedFruit="FALLOW" fruitType="GRASS" growthState="2" lastGrowthState="4" weedState="0" stoneLevel="0" groundType="GRASS" sprayType="NONE" sprayLevel="2" limeLevel="3" rollerLevel="0" plowLevel="1" stubbleShredLevel="0" waterLevel="0"/>
    <field id="16" plannedFruit="FALLOW" fruitType="GRASS" growthState="2" lastGrowthState="4" weedState="0" stoneLevel="0" groundType="GRASS" sprayType="NONE" sprayLevel="2" limeLevel="3" rollerLevel="0" plowLevel="1" stubbleShredLevel="0" waterLevel="0"/>
    <field id="17" plannedFruit="FALLOW" fruitType="GRASS" growthState="2" lastGrowthState="2" weedState="0" stoneLevel="0" groundType="GRASS" sprayType="FERTILIZER" sprayLevel="2" limeLevel="1" rollerLevel="0" plowLevel="1" stubbleShredLevel="0" waterLevel="0"/>
    <field id="18" plannedFruit="FALLOW" fruitType="GRASS" growthState="2" lastGrowthState="2" weedState="0" stoneLevel="0" groundType="GRASS" sprayType="FERTILIZER" sprayLevel="2" limeLevel="2" rollerLevel="0" plowLevel="1" stubbleShredLevel="0" waterLevel="0"/>
    <field id="19" plannedFruit="FALLOW" fruitType="GRASS" growthState="2" lastGrowthState="2" weedState="0" stoneLevel="0" groundType="GRASS" sprayType="NONE" sprayLevel="1" limeLevel="3" rollerLevel="0" plowLevel="1" stubbleShredLevel="0" waterLevel="0"/>
    <field id="20" plannedFruit="FALLOW" fruitType="GRASS" growthState="2" lastGrowthState="2" weedState="0" stoneLevel="0" groundType="GRASS" sprayType="NONE" sprayLevel="2" limeLevel="1" rollerLevel="0" plowLevel="1" stubbleShredLevel="0" waterLevel="0"/>
    <field id="21" plannedFruit="FALLOW" fruitType="PEA" growthState="1" lastGrowthState="0" weedState="1" stoneLevel="0" groundType="SOWN" sprayType="NONE" sprayLevel="1" limeLevel="1" rollerLevel="0" plowLevel="1" stubbleShredLevel="0" waterLevel="0"/>
    <field id="22" plannedFruit="FALLOW" fruitType="PEA" growthState="1" lastGrowthState="0" weedState="0" stoneLevel="0" groundType="SOWN" sprayType="NONE" sprayLevel="1" limeLevel="0" rollerLevel="0" plowLevel="1" stubbleShredLevel="0" waterLevel="0"/>
    <field id="23" plannedFruit="FALLOW" fruitType="GRASS" growthState="2" lastGrowthState="2" weedState="0" stoneLevel="0" groundType="GRASS" sprayType="FERTILIZER" sprayLevel="2" limeLevel="1" rollerLevel="0" plowLevel="1" stubbleShredLevel="0" waterLevel="0"/>
    <field id="24" plannedFruit="CANOLA" fruitType="UNKNOWN" growthState="0" lastGrowthState="0" weedState="0" stoneLevel="0" groundType="CULTIVATED" sprayType="LIME" sprayLevel="0" limeLevel="3" rollerLevel="0" plowLevel="1" stubbleShredLevel="0" waterLevel="0"/>
    <field id="25" plannedFruit="FALLOW" fruitType="OAT" growthState="1" lastGrowthState="0" weedState="0" stoneLevel="0" groundType="SOWN" sprayType="NONE" sprayLevel="2" limeLevel="3" rollerLevel="0" plowLevel="1" stubbleShredLevel="0" waterLevel="0"/>
    <field id="26" plannedFruit="FALLOW" fruitType="WHEAT" growthState="3" lastGrowthState="2" weedState="0" stoneLevel="0" groundType="SOWN" sprayType="NONE" sprayLevel="2" limeLevel="1" rollerLevel="0" plowLevel="1" stubbleShredLevel="0" waterLevel="0"/>
    <field id="27" plannedFruit="FALLOW" fruitType="SPINACH" growthState="1" lastGrowthState="0" weedState="1" stoneLevel="0" groundType="SOWN" sprayType="NONE" sprayLevel="1" limeLevel="3" rollerLevel="0" plowLevel="1" stubbleShredLevel="0" waterLevel="0"/>
    <field id="28" plannedFruit="FALLOW" fruitType="GRASS" growthState="2" lastGrowthState="2" weedState="0" stoneLevel="0" groundType="GRASS" sprayType="FERTILIZER" sprayLevel="2" limeLevel="0" rollerLevel="0" plowLevel="1" stubbleShredLevel="0" waterLevel="0"/>
    <field id="29" plannedFruit="FALLOW" fruitType="GRASS" growthState="2" lastGrowthState="2" weedState="0" stoneLevel="0" groundType="GRASS" sprayType="FERTILIZER" sprayLevel="2" limeLevel="0" rollerLevel="0" plowLevel="1" stubbleShredLevel="0" waterLevel="0"/>
    <field id="30" plannedFruit="CARROT" fruitType="UNKNOWN" growthState="0" lastGrowthState="0" weedState="0" stoneLevel="0" groundType="PLOWED" sprayType="LIQUID_MANURE" sprayLevel="1" limeLevel="2" rollerLevel="0" plowLevel="1" stubbleShredLevel="0" waterLevel="1"/>
    <field id="31" plannedFruit="FALLOW" fruitType="SUMMERBARLEY" growthState="1" lastGrowthState="0" weedState="1" stoneLevel="0" groundType="SOWN" sprayType="NONE" sprayLevel="1" limeLevel="1" rollerLevel="0" plowLevel="1" stubbleShredLevel="0" waterLevel="0"/>
    <field id="32" plannedFruit="FALLOW" fruitType="GRASS" growthState="2" lastGrowthState="2" weedState="0" stoneLevel="0" groundType="GRASS" sprayType="NONE" sprayLevel="2" limeLevel="2" rollerLevel="0" plowLevel="1" stubbleShredLevel="0" waterLevel="0"/>
    <field id="33" plannedFruit="FALLOW" fruitType="GRASS" growthState="4" lastGrowthState="0" weedState="0" stoneLevel="0" groundType="GRASS" sprayType="NONE" sprayLevel="0" limeLevel="0" rollerLevel="0" plowLevel="0" stubbleShredLevel="0" waterLevel="0"/>
    <field id="34" plannedFruit="FALLOW" fruitType="GRASS" growthState="4" lastGrowthState="0" weedState="0" stoneLevel="0" groundType="GRASS" sprayType="NONE" sprayLevel="0" limeLevel="0" rollerLevel="0" plowLevel="0" stubbleShredLevel="0" waterLevel="0"/>
    <field id="35" plannedFruit="FALLOW" fruitType="GRASS" growthState="4" lastGrowthState="0" weedState="0" stoneLevel="0" groundType="GRASS" sprayType="NONE" sprayLevel="0" limeLevel="3" rollerLevel="0" plowLevel="1" stubbleShredLevel="0" waterLevel="0"/>
    <field id="36" plannedFruit="FALLOW" fruitType="GRASS" growthState="4" lastGrowthState="0" weedState="0" stoneLevel="0" groundType="GRASS" sprayType="NONE" sprayLevel="0" limeLevel="0" rollerLevel="0" plowLevel="0" stubbleShredLevel="0" waterLevel="0"/>
    <field id="37" plannedFruit="FALLOW" fruitType="GRASS" growthState="2" lastGrowthState="2" weedState="0" stoneLevel="0" groundType="GRASS" sprayType="FERTILIZER" sprayLevel="2" limeLevel="0" rollerLevel="0" plowLevel="0" stubbleShredLevel="0" waterLevel="0"/>
    <field id="38" plannedFruit="FALLOW" fruitType="GRASS" growthState="2" lastGrowthState="4" weedState="0" stoneLevel="0" groundType="GRASS" sprayType="NONE" sprayLevel="0" limeLevel="2" rollerLevel="0" plowLevel="1" stubbleShredLevel="0" waterLevel="0"/>
    <field id="39" plannedFruit="FALLOW" fruitType="GRASS" growthState="2" lastGrowthState="4" weedState="0" stoneLevel="0" groundType="GRASS" sprayType="NONE" sprayLevel="0" limeLevel="3" rollerLevel="0" plowLevel="1" stubbleShredLevel="0" waterLevel="0"/>
    <field id="40" plannedFruit="FALLOW" fruitType="GRASS" growthState="2" lastGrowthState="2" weedState="0" stoneLevel="0" groundType="GRASS" sprayType="FERTILIZER" sprayLevel="2" limeLevel="2" rollerLevel="0" plowLevel="1" stubbleShredLevel="0" waterLevel="0"/>
    <field id="41" plannedFruit="FALLOW" fruitType="MAIZE" growthState="4" lastGrowthState="0" weedState="0" stoneLevel="0" groundType="CULTIVATED" sprayType="NONE" sprayLevel="0" limeLevel="0" rollerLevel="0" plowLevel="1" stubbleShredLevel="0" waterLevel="0"/>
    <field id="42" plannedFruit="FALLOW" fruitType="GRASS" growthState="2" lastGrowthState="2" weedState="0" stoneLevel="0" groundType="GRASS" sprayType="FERTILIZER" sprayLevel="2" limeLevel="1" rollerLevel="0" plowLevel="1" stubbleShredLevel="0" waterLevel="0"/>
    <field id="43" plannedFruit="FALLOW" fruitType="GRASS" growthState="2" lastGrowthState="2" weedState="0" stoneLevel="0" groundType="GRASS" sprayType="FERTILIZER" sprayLevel="2" limeLevel="0" rollerLevel="0" plowLevel="1" stubbleShredLevel="0" waterLevel="0"/>
    <field id="44" plannedFruit="TRITICALE" fruitType="UNKNOWN" growthState="0" lastGrowthState="0" weedState="0" stoneLevel="0" groundType="SOWN" sprayType="NONE" sprayLevel="1" limeLevel="0" rollerLevel="0" plowLevel="1" stubbleShredLevel="0" waterLevel="0"/>
    <field id="45" plannedFruit="CARROT" fruitType="UNKNOWN" growthState="0" lastGrowthState="0" weedState="6" stoneLevel="0" groundType="SOWN" sprayType="NONE" sprayLevel="0" limeLevel="3" rollerLevel="0" plowLevel="1" stubbleShredLevel="0" waterLevel="0"/>
    <field id="46" plannedFruit="FALLOW" fruitType="PEA" growthState="1" lastGrowthState="0" weedState="0" stoneLevel="0" groundType="SOWN" sprayType="NONE" sprayLevel="2" limeLevel="0" rollerLevel="0" plowLevel="0" stubbleShredLevel="0" waterLevel="0"/>
    <field id="47" plannedFruit="TRITICALE" fruitType="UNKNOWN" growthState="0" lastGrowthState="0" weedState="0" stoneLevel="0" groundType="PLOWED" sprayType="NONE" sprayLevel="0" limeLevel="1" rollerLevel="0" plowLevel="1" stubbleShredLevel="0" waterLevel="0"/>
    <field id="48" plannedFruit="FALLOW" fruitType="GRASS" growthState="2" lastGrowthState="2" weedState="0" stoneLevel="0" groundType="GRASS" sprayType="FERTILIZER" sprayLevel="2" limeLevel="2" rollerLevel="0" plowLevel="1" stubbleShredLevel="0" waterLevel="0"/>
    <field id="49" plannedFruit="TRITICALE" fruitType="UNKNOWN" growthState="0" lastGrowthState="0" weedState="0" stoneLevel="0" groundType="CULTIVATED" sprayType="NONE" sprayLevel="1" limeLevel="0" rollerLevel="0" plowLevel="0" stubbleShredLevel="0" waterLevel="0"/>
    <field id="50" plannedFruit="FALLOW" fruitType="GRASS" growthState="2" lastGrowthState="2" weedState="0" stoneLevel="0" groundType="GRASS" sprayType="FERTILIZER" sprayLevel="2" limeLevel="3" rollerLevel="0" plowLevel="1" stubbleShredLevel="0" waterLevel="0"/>
    <field id="51" plannedFruit="FALLOW" fruitType="GRASS" growthState="2" lastGrowthState="2" weedState="0" stoneLevel="0" groundType="GRASS" sprayType="FERTILIZER" sprayLevel="2" limeLevel="1" rollerLevel="0" plowLevel="1" stubbleShredLevel="0" waterLevel="0"/>
    <field id="52" plannedFruit="FALLOW" fruitType="GRASS" growthState="2" lastGrowthState="2" weedState="0" stoneLevel="0" groundType="GRASS" sprayType="NONE" sprayLevel="2" limeLevel="0" rollerLevel="0" plowLevel="1" stubbleShredLevel="0" waterLevel="0"/>
    <field id="53" plannedFruit="FALLOW" fruitType="GRASS" growthState="2" lastGrowthState="2" weedState="0" stoneLevel="0" groundType="GRASS" sprayType="NONE" sprayLevel="2" limeLevel="2" rollerLevel="0" plowLevel="1" stubbleShredLevel="0" waterLevel="0"/>
    <field id="54" plannedFruit="FALLOW" fruitType="GRASS" growthState="2" lastGrowthState="2" weedState="0" stoneLevel="0" groundType="GRASS" sprayType="FERTILIZER" sprayLevel="2" limeLevel="1" rollerLevel="0" plowLevel="1" stubbleShredLevel="0" waterLevel="0"/>
    <field id="55" plannedFruit="FALLOW" fruitType="GRASS" growthState="2" lastGrowthState="2" weedState="0" stoneLevel="0" groundType="GRASS" sprayType="FERTILIZER" sprayLevel="2" limeLevel="2" rollerLevel="0" plowLevel="1" stubbleShredLevel="0" waterLevel="0"/>
    <field id="56" plannedFruit="FALLOW" fruitType="GRASS" growthState="2" lastGrowthState="2" weedState="0" stoneLevel="0" groundType="GRASS" sprayType="FERTILIZER" sprayLevel="2" limeLevel="1" rollerLevel="0" plowLevel="1" stubbleShredLevel="0" waterLevel="0"/>
    <field id="57" plannedFruit="FALLOW" fruitType="GRASS" growthState="2" lastGrowthState="2" weedState="0" stoneLevel="0" groundType="GRASS" sprayType="NONE" sprayLevel="2" limeLevel="1" rollerLevel="0" plowLevel="1" stubbleShredLevel="0" waterLevel="0"/>
    <field id="58" plannedFruit="FALLOW" fruitType="GRASS" growthState="2" lastGrowthState="2" weedState="0" stoneLevel="0" groundType="GRASS" sprayType="NONE" sprayLevel="0" limeLevel="2" rollerLevel="0" plowLevel="1" stubbleShredLevel="0" waterLevel="0"/>
    <field id="59" plannedFruit="FALLOW" fruitType="GRASS" growthState="2" lastGrowthState="2" weedState="0" stoneLevel="0" groundType="GRASS" sprayType="FERTILIZER" sprayLevel="2" limeLevel="2" rollerLevel="0" plowLevel="1" stubbleShredLevel="0" waterLevel="0"/>
    <field id="60" plannedFruit="FALLOW" fruitType="GRASS" growthState="2" lastGrowthState="2" weedState="0" stoneLevel="0" groundType="GRASS" sprayType="FERTILIZER" sprayLevel="2" limeLevel="1" rollerLevel="0" plowLevel="1" stubbleShredLevel="0" waterLevel="0"/>
    <field id="61" plannedFruit="FALLOW" fruitType="GRASS" growthState="2" lastGrowthState="2" weedState="0" stoneLevel="0" groundType="GRASS" sprayType="FERTILIZER" sprayLevel="2" limeLevel="2" rollerLevel="0" plowLevel="1" stubbleShredLevel="0" waterLevel="0"/>
    <field id="62" plannedFruit="FALLOW" fruitType="GRASS" growthState="2" lastGrowthState="2" weedState="0" stoneLevel="0" groundType="GRASS" sprayType="FERTILIZER" sprayLevel="2" limeLevel="2" rollerLevel="0" plowLevel="1" stubbleShredLevel="0" waterLevel="0"/>
    <field id="63" plannedFruit="FALLOW" fruitType="GRASS" growthState="2" lastGrowthState="2" weedState="0" stoneLevel="0" groundType="GRASS" sprayType="FERTILIZER" sprayLevel="2" limeLevel="2" rollerLevel="0" plowLevel="1" stubbleShredLevel="0" waterLevel="0"/>
    <field id="64" plannedFruit="FALLOW" fruitType="GRASS" growthState="2" lastGrowthState="2" weedState="0" stoneLevel="0" groundType="GRASS" sprayType="NONE" sprayLevel="2" limeLevel="2" rollerLevel="0" plowLevel="1" stubbleShredLevel="0" waterLevel="0"/>
    <field id="65" plannedFruit="FALLOW" fruitType="GRASS" growthState="2" lastGrowthState="2" weedState="0" stoneLevel="0" groundType="GRASS" sprayType="NONE" sprayLevel="2" limeLevel="1" rollerLevel="0" plowLevel="1" stubbleShredLevel="0" waterLevel="0"/>
    <field id="66" plannedFruit="BARLEY" fruitType="UNKNOWN" growthState="0" lastGrowthState="0" weedState="0" stoneLevel="0" groundType="CULTIVATED" sprayType="NONE" sprayLevel="0" limeLevel="1" rollerLevel="0" plowLevel="1" stubbleShredLevel="0" waterLevel="0"/>
    <field id="67" plannedFruit="BARLEY" fruitType="UNKNOWN" growthState="0" lastGrowthState="0" weedState="0" stoneLevel="0" groundType="PLOWED" sprayType="NONE" sprayLevel="2" limeLevel="3" rollerLevel="0" plowLevel="1" stubbleShredLevel="0" waterLevel="0"/>
    <field id="68" plannedFruit="FALLOW" fruitType="SUMMERBARLEY" growthState="1" lastGrowthState="0" weedState="1" stoneLevel="0" groundType="SOWN" sprayType="NONE" sprayLevel="1" limeLevel="2" rollerLevel="0" plowLevel="1" stubbleShredLevel="0" waterLevel="0"/>
    <field id="69" plannedFruit="GREENBEAN" fruitType="UNKNOWN" growthState="0" lastGrowthState="0" weedState="0" stoneLevel="0" groundType="PLOWED" sprayType="NONE" sprayLevel="0" limeLevel="0" rollerLevel="0" plowLevel="1" stubbleShredLevel="0" waterLevel="0"/>
    <field id="70" plannedFruit="FALLOW" fruitType="GRASS" growthState="2" lastGrowthState="2" weedState="0" stoneLevel="0" groundType="GRASS" sprayType="NONE" sprayLevel="2" limeLevel="2" rollerLevel="0" plowLevel="1" stubbleShredLevel="0" waterLevel="0"/>
    <field id="71" plannedFruit="FALLOW" fruitType="POTATO" growthState="1" lastGrowthState="0" weedState="1" stoneLevel="0" groundType="SOWN" sprayType="NONE" sprayLevel="1" limeLevel="0" rollerLevel="0" plowLevel="1" stubbleShredLevel="0" waterLevel="0"/>
    <field id="72" plannedFruit="FALLOW" fruitType="TRITICALE" growthState="3" lastGrowthState="2" weedState="0" stoneLevel="0" groundType="SOWN" sprayType="NONE" sprayLevel="2" limeLevel="0" rollerLevel="0" plowLevel="1" stubbleShredLevel="0" waterLevel="0"/>
    <field id="73" plannedFruit="FIELDBEAN" fruitType="UNKNOWN" growthState="0" lastGrowthState="0" weedState="0" stoneLevel="0" groundType="CULTIVATED" sprayType="NONE" sprayLevel="1" limeLevel="1" rollerLevel="0" plowLevel="1" stubbleShredLevel="0" waterLevel="0"/>
    <field id="74" plannedFruit="FALLOW" fruitType="PARSNIP" growthState="7" lastGrowthState="7" weedState="0" stoneLevel="0" groundType="HARVEST_READY_OTHER" sprayType="NONE" sprayLevel="0" limeLevel="1" rollerLevel="0" plowLevel="0" stubbleShredLevel="0" waterLevel="0"/>
    <field id="75" plannedFruit="FALLOW" fruitType="GRASS" growthState="2" lastGrowthState="2" weedState="0" stoneLevel="0" groundType="GRASS" sprayType="NONE" sprayLevel="2" limeLevel="1" rollerLevel="0" plowLevel="1" stubbleShredLevel="0" waterLevel="0"/>
    <field id="76" plannedFruit="PEA" fruitType="UNKNOWN" growthState="0" lastGrowthState="0" weedState="0" stoneLevel="0" groundType="CULTIVATED" sprayType="NONE" sprayLevel="2" limeLevel="2" rollerLevel="0" plowLevel="0" stubbleShredLevel="0" waterLevel="0"/>
    <field id="77" plannedFruit="FALLOW" fruitType="SPINACH" growthState="1" lastGrowthState="0" weedState="0" stoneLevel="0" groundType="SOWN" sprayType="NONE" sprayLevel="1" limeLevel="3" rollerLevel="0" plowLevel="1" stubbleShredLevel="0" waterLevel="0"/>
    <field id="78" plannedFruit="GREENBEAN" fruitType="UNKNOWN" growthState="0" lastGrowthState="0" weedState="0" stoneLevel="0" groundType="CULTIVATED" sprayType="NONE" sprayLevel="1" limeLevel="0" rollerLevel="0" plowLevel="0" stubbleShredLevel="0" waterLevel="0"/>
    <field id="79" plannedFruit="FALLOW" fruitType="GRASS" growthState="2" lastGrowthState="2" weedState="0" stoneLevel="0" groundType="GRASS" sprayType="FERTILIZER" sprayLevel="2" limeLevel="0" rollerLevel="0" plowLevel="1" stubbleShredLevel="0" waterLevel="0"/>
    <field id="80" plannedFruit="FALLOW" fruitType="GRASS" growthState="2" lastGrowthState="2" weedState="0" stoneLevel="0" groundType="GRASS" sprayType="NONE" sprayLevel="2" limeLevel="1" rollerLevel="0" plowLevel="1" stubbleShredLevel="0" waterLevel="0"/>
    <field id="81" plannedFruit="SPELT" fruitType="UNKNOWN" growthState="0" lastGrowthState="0" weedState="0" stoneLevel="0" groundType="CULTIVATED" sprayType="LIQUID_MANURE" sprayLevel="1" limeLevel="1" rollerLevel="0" plowLevel="1" stubbleShredLevel="0" waterLevel="1"/>
    <field id="82" plannedFruit="SPELT" fruitType="UNKNOWN" growthState="0" lastGrowthState="0" weedState="0" stoneLevel="0" groundType="SOWN" sprayType="NONE" sprayLevel="1" limeLevel="3" rollerLevel="0" plowLevel="1" stubbleShredLevel="0" waterLevel="0"/>
    <field id="83" plannedFruit="PARSNIP" fruitType="UNKNOWN" growthState="0" lastGrowthState="0" weedState="0" stoneLevel="0" groundType="PLOWED" sprayType="NONE" sprayLevel="0" limeLevel="1" rollerLevel="0" plowLevel="1" stubbleShredLevel="0" waterLevel="0"/>
    <field id="84" plannedFruit="FALLOW" fruitType="SUGARBEET" growthState="1" lastGrowthState="0" weedState="0" stoneLevel="0" groundType="SOWN" sprayType="NONE" sprayLevel="2" limeLevel="1" rollerLevel="0" plowLevel="0" stubbleShredLevel="0" waterLevel="0"/>
    <field id="85" plannedFruit="FALLOW" fruitType="GRASS" growthState="2" lastGrowthState="2" weedState="0" stoneLevel="0" groundType="GRASS" sprayType="NONE" sprayLevel="2" limeLevel="0" rollerLevel="0" plowLevel="1" stubbleShredLevel="0" waterLevel="0"/>
    <field id="86" plannedFruit="FALLOW" fruitType="GRASS" growthState="2" lastGrowthState="2" weedState="0" stoneLevel="0" groundType="GRASS" sprayType="FERTILIZER" sprayLevel="2" limeLevel="2" rollerLevel="0" plowLevel="1" stubbleShredLevel="0" waterLevel="0"/>
    <field id="87" plannedFruit="FALLOW" fruitType="GRASS" growthState="2" lastGrowthState="2" weedState="0" stoneLevel="0" groundType="GRASS" sprayType="FERTILIZER" sprayLevel="2" limeLevel="0" rollerLevel="0" plowLevel="1" stubbleShredLevel="0" waterLevel="0"/>
    <field id="88" plannedFruit="FALLOW" fruitType="GRASS" growthState="2" lastGrowthState="2" weedState="0" stoneLevel="0" groundType="GRASS" sprayType="FERTILIZER" sprayLevel="2" limeLevel="3" rollerLevel="0" plowLevel="1" stubbleShredLevel="0" waterLevel="0"/>
    <field id="89" plannedFruit="FALLOW" fruitType="GRASS" growthState="2" lastGrowthState="4" weedState="0" stoneLevel="0" groundType="GRASS" sprayType="NONE" sprayLevel="0" limeLevel="2" rollerLevel="0" plowLevel="1" stubbleShredLevel="0" waterLevel="0"/>
    <field id="90" plannedFruit="FALLOW" fruitType="GRASS" growthState="2" lastGrowthState="2" weedState="0" stoneLevel="0" groundType="GRASS" sprayType="NONE" sprayLevel="2" limeLevel="3" rollerLevel="0" plowLevel="1" stubbleShredLevel="0" waterLevel="0"/>
    <field id="91" plannedFruit="FALLOW" fruitType="GRASS" growthState="2" lastGrowthState="4" weedState="0" stoneLevel="0" groundType="GRASS" sprayType="NONE" sprayLevel="1" limeLevel="2" rollerLevel="0" plowLevel="1" stubbleShredLevel="0" waterLevel="0"/>
    <field id="92" plannedFruit="FALLOW" fruitType="GRASS" growthState="2" lastGrowthState="2" weedState="0" stoneLevel="0" groundType="GRASS" sprayType="FERTILIZER" sprayLevel="2" limeLevel="0" rollerLevel="0" plowLevel="1" stubbleShredLevel="0" waterLevel="0"/>
    <field id="93" plannedFruit="CANOLA" fruitType="UNKNOWN" growthState="0" lastGrowthState="0" weedState="0" stoneLevel="0" groundType="CULTIVATED" sprayType="NONE" sprayLevel="1" limeLevel="3" rollerLevel="0" plowLevel="1" stubbleShredLevel="0" waterLevel="0"/>
    <field id="94" plannedFruit="FALLOW" fruitType="GRASS" growthState="3" lastGrowthState="0" weedState="0" stoneLevel="0" groundType="GRASS" sprayType="NONE" sprayLevel="1" limeLevel="1" rollerLevel="0" plowLevel="1" stubbleShredLevel="0" waterLevel="0"/>
    <field id="95" plannedFruit="TRITICALE" fruitType="UNKNOWN" growthState="0" lastGrowthState="0" weedState="0" stoneLevel="0" groundType="CULTIVATED" sprayType="NONE" sprayLevel="2" limeLevel="1" rollerLevel="0" plowLevel="1" stubbleShredLevel="0" waterLevel="0"/>
    <field id="96" plannedFruit="FALLOW" fruitType="GRASS" growthState="2" lastGrowthState="2" weedState="0" stoneLevel="0" groundType="GRASS" sprayType="FERTILIZER" sprayLevel="2" limeLevel="1" rollerLevel="0" plowLevel="1" stubbleShredLevel="0" waterLevel="0"/>
    <field id="97" plannedFruit="FALLOW" fruitType="GRASS" growthState="2" lastGrowthState="2" weedState="0" stoneLevel="0" groundType="GRASS" sprayType="FERTILIZER" sprayLevel="2" limeLevel="2" rollerLevel="0" plowLevel="1" stubbleShredLevel="0" waterLevel="0"/>
    <field id="98" plannedFruit="GREENBEAN" fruitType="UNKNOWN" growthState="0" lastGrowthState="0" weedState="0" stoneLevel="0" groundType="CULTIVATED" sprayType="NONE" sprayLevel="1" limeLevel="2" rollerLevel="0" plowLevel="1" stubbleShredLevel="0" waterLevel="0"/>
    <field id="99" plannedFruit="BARLEY" fruitType="UNKNOWN" growthState="0" lastGrowthState="0" weedState="0" stoneLevel="0" groundType="PLOWED" sprayType="NONE" sprayLevel="1" limeLevel="1" rollerLevel="0" plowLevel="1" stubbleShredLevel="0" waterLevel="0"/>
    <field id="100" plannedFruit="FALLOW" fruitType="OAT" growthState="1" lastGrowthState="0" weedState="0" stoneLevel="0" groundType="SOWN" sprayType="NONE" sprayLevel="1" limeLevel="2" rollerLevel="0" plowLevel="1" stubbleShredLevel="0" waterLevel="0"/>
    <field id="101" plannedFruit="WHEAT" fruitType="UNKNOWN" growthState="0" lastGrowthState="0" weedState="0" stoneLevel="0" groundType="CULTIVATED" sprayType="NONE" sprayLevel="0" limeLevel="0" rollerLevel="0" plowLevel="0" stubbleShredLevel="0" waterLevel="0"/>
    <field id="102" plannedFruit="SPELT" fruitType="UNKNOWN" growthState="0" lastGrowthState="0" weedState="0" stoneLevel="0" groundType="PLOWED" sprayType="NONE" sprayLevel="0" limeLevel="3" rollerLevel="0" plowLevel="1" stubbleShredLevel="0" waterLevel="0"/>
    <field id="103" plannedFruit="FALLOW" fruitType="GRASS" growthState="2" lastGrowthState="2" weedState="0" stoneLevel="0" groundType="GRASS" sprayType="NONE" sprayLevel="1" limeLevel="3" rollerLevel="0" plowLevel="1" stubbleShredLevel="0" waterLevel="0"/>
    <field id="104" plannedFruit="FALLOW" fruitType="GRASS" growthState="2" lastGrowthState="2" weedState="0" stoneLevel="0" groundType="GRASS" sprayType="FERTILIZER" sprayLevel="2" limeLevel="0" rollerLevel="0" plowLevel="1" stubbleShredLevel="0" waterLevel="0"/>
    <field id="105" plannedFruit="FALLOW" fruitType="POTATO" growthState="5" lastGrowthState="0" weedState="9" stoneLevel="0" groundType="SOWN" sprayType="NONE" sprayLevel="1" limeLevel="1" rollerLevel="0" plowLevel="1" stubbleShredLevel="0" waterLevel="0"/>
    <field id="106" plannedFruit="CARROT" fruitType="UNKNOWN" growthState="0" lastGrowthState="0" weedState="0" stoneLevel="0" groundType="CULTIVATED" sprayType="NONE" sprayLevel="2" limeLevel="1" rollerLevel="0" plowLevel="1" stubbleShredLevel="0" waterLevel="0"/>
    <field id="107" plannedFruit="FALLOW" fruitType="GRASS" growthState="2" lastGrowthState="2" weedState="0" stoneLevel="0" groundType="GRASS" sprayType="FERTILIZER" sprayLevel="2" limeLevel="1" rollerLevel="0" plowLevel="1" stubbleShredLevel="0" waterLevel="0"/>
    <field id="108" plannedFruit="FALLOW" fruitType="GRASS" growthState="3" lastGrowthState="0" weedState="0" stoneLevel="0" groundType="GRASS" sprayType="NONE" sprayLevel="0" limeLevel="3" rollerLevel="0" plowLevel="1" stubbleShredLevel="0" waterLevel="0"/>
    <field id="109" plannedFruit="FALLOW" fruitType="GRASS" growthState="3" lastGrowthState="0" weedState="0" stoneLevel="0" groundType="GRASS" sprayType="NONE" sprayLevel="1" limeLevel="3" rollerLevel="0" plowLevel="1" stubbleShredLevel="0" waterLevel="0"/>
    <field id="110" plannedFruit="FALLOW" fruitType="GRASS" growthState="2" lastGrowthState="2" weedState="0" stoneLevel="0" groundType="GRASS" sprayType="NONE" sprayLevel="0" limeLevel="1" rollerLevel="0" plowLevel="1" stubbleShredLevel="0" waterLevel="0"/>
    <field id="111" plannedFruit="FALLOW" fruitType="GRASS" growthState="2" lastGrowthState="2" weedState="0" stoneLevel="0" groundType="GRASS" sprayType="FERTILIZER" sprayLevel="2" limeLevel="0" rollerLevel="0" plowLevel="1" stubbleShredLevel="0" waterLevel="0"/>
    <field id="112" plannedFruit="FALLOW" fruitType="GRASS" growthState="2" lastGrowthState="2" weedState="0" stoneLevel="0" groundType="GRASS" sprayType="NONE" sprayLevel="2" limeLevel="0" rollerLevel="0" plowLevel="1" stubbleShredLevel="0" waterLevel="0"/>
    <field id="113" plannedFruit="FALLOW" fruitType="GRASS" growthState="2" lastGrowthState="2" weedState="0" stoneLevel="0" groundType="GRASS" sprayType="NONE" sprayLevel="2" limeLevel="1" rollerLevel="0" plowLevel="1" stubbleShredLevel="0" waterLevel="0"/>
    <field id="114" plannedFruit="FALLOW" fruitType="GRASS" growthState="2" lastGrowthState="2" weedState="0" stoneLevel="0" groundType="GRASS" sprayType="FERTILIZER" sprayLevel="2" limeLevel="1" rollerLevel="0" plowLevel="1" stubbleShredLevel="0" waterLevel="0"/>
    <field id="115" plannedFruit="FALLOW" fruitType="GRASS" growthState="2" lastGrowthState="2" weedState="0" stoneLevel="0" groundType="GRASS" sprayType="FERTILIZER" sprayLevel="2" limeLevel="2" rollerLevel="0" plowLevel="1" stubbleShredLevel="0" waterLevel="0"/>
    <field id="116" plannedFruit="FALLOW" fruitType="GRASS" growthState="2" lastGrowthState="2" weedState="0" stoneLevel="0" groundType="GRASS" sprayType="NONE" sprayLevel="2" limeLevel="2" rollerLevel="0" plowLevel="1" stubbleShredLevel="0" waterLevel="0"/>
    <field id="117" plannedFruit="FALLOW" fruitType="GRASS" growthState="2" lastGrowthState="2" weedState="0" stoneLevel="0" groundType="GRASS" sprayType="FERTILIZER" sprayLevel="2" limeLevel="2" rollerLevel="0" plowLevel="1" stubbleShredLevel="0" waterLevel="0"/>
    <field id="118" plannedFruit="FALLOW" fruitType="GRASS" growthState="2" lastGrowthState="2" weedState="0" stoneLevel="0" groundType="GRASS" sprayType="NONE" sprayLevel="2" limeLevel="0" rollerLevel="0" plowLevel="1" stubbleShredLevel="0" waterLevel="0"/>
    <field id="119" plannedFruit="FALLOW" fruitType="GRASS" growthState="2" lastGrowthState="2" weedState="0" stoneLevel="0" groundType="GRASS" sprayType="FERTILIZER" sprayLevel="2" limeLevel="2" rollerLevel="0" plowLevel="1" stubbleShredLevel="0" waterLevel="0"/>
    <field id="120" plannedFruit="FALLOW" fruitType="PEA" growthState="1" lastGrowthState="0" weedState="0" stoneLevel="0" groundType="SOWN" sprayType="NONE" sprayLevel="1" limeLevel="3" rollerLevel="0" plowLevel="1" stubbleShredLevel="0" waterLevel="0"/>
    <field id="121" plannedFruit="FALLOW" fruitType="SUGARBEET" growthState="1" lastGrowthState="0" weedState="0" stoneLevel="0" groundType="SOWN" sprayType="NONE" sprayLevel="1" limeLevel="0" rollerLevel="0" plowLevel="1" stubbleShredLevel="0" waterLevel="0"/>
    <field id="122" plannedFruit="FALLOW" fruitType="SUNFLOWER" growthState="1" lastGrowthState="0" weedState="0" stoneLevel="0" groundType="SOWN" sprayType="NONE" sprayLevel="1" limeLevel="0" rollerLevel="0" plowLevel="1" stubbleShredLevel="0" waterLevel="0"/>
    <field id="123" plannedFruit="FALLOW" fruitType="GRASS" growthState="2" lastGrowthState="2" weedState="0" stoneLevel="0" groundType="GRASS" sprayType="FERTILIZER" sprayLevel="2" limeLevel="3" rollerLevel="0" plowLevel="1" stubbleShredLevel="0" waterLevel="0"/>
    <field id="124" plannedFruit="FALLOW" fruitType="GRASS" growthState="2" lastGrowthState="2" weedState="0" stoneLevel="0" groundType="GRASS" sprayType="NONE" sprayLevel="0" limeLevel="3" rollerLevel="0" plowLevel="1" stubbleShredLevel="0" waterLevel="0"/>
    <field id="125" plannedFruit="FALLOW" fruitType="SPINACH" growthState="1" lastGrowthState="0" weedState="0" stoneLevel="0" groundType="SOWN" sprayType="NONE" sprayLevel="1" limeLevel="1" rollerLevel="0" plowLevel="0" stubbleShredLevel="0" waterLevel="0"/>
    <field id="126" plannedFruit="FALLOW" fruitType="GRASS" growthState="2" lastGrowthState="2" weedState="0" stoneLevel="0" groundType="GRASS" sprayType="FERTILIZER" sprayLevel="2" limeLevel="0" rollerLevel="0" plowLevel="1" stubbleShredLevel="0" waterLevel="0"/>
    <field id="127" plannedFruit="FALLOW" fruitType="GRASS" growthState="2" lastGrowthState="2" weedState="0" stoneLevel="0" groundType="GRASS" sprayType="NONE" sprayLevel="2" limeLevel="0" rollerLevel="0" plowLevel="1" stubbleShredLevel="0" waterLevel="0"/>
    <field id="128" plannedFruit="FALLOW" fruitType="WHEAT" growthState="10" lastGrowthState="10" weedState="0" stoneLevel="0" groundType="HARVEST_READY" sprayType="NONE" sprayLevel="1" limeLevel="0" rollerLevel="0" plowLevel="1" stubbleShredLevel="0" waterLevel="0"/>
    <field id="129" plannedFruit="FALLOW" fruitType="OAT" growthState="1" lastGrowthState="0" weedState="0" stoneLevel="0" groundType="SOWN" sprayType="NONE" sprayLevel="2" limeLevel="3" rollerLevel="0" plowLevel="1" stubbleShredLevel="0" waterLevel="0"/>
    <field id="130" plannedFruit="FALLOW" fruitType="GRASS" growthState="2" lastGrowthState="2" weedState="0" stoneLevel="0" groundType="GRASS" sprayType="NONE" sprayLevel="2" limeLevel="2" rollerLevel="0" plowLevel="1" stubbleShredLevel="0" waterLevel="0"/>
    <field id="131" plannedFruit="FALLOW" fruitType="GRASS" growthState="2" lastGrowthState="2" weedState="0" stoneLevel="0" groundType="GRASS" sprayType="FERTILIZER" sprayLevel="2" limeLevel="0" rollerLevel="0" plowLevel="1" stubbleShredLevel="0" waterLevel="0"/>
    <field id="132" plannedFruit="FALLOW" fruitType="SUNFLOWER" growthState="1" lastGrowthState="0" weedState="0" stoneLevel="0" groundType="SOWN" sprayType="NONE" sprayLevel="2" limeLevel="3" rollerLevel="0" plowLevel="1" stubbleShredLevel="0" waterLevel="0"/>
    <field id="133" plannedFruit="FALLOW" fruitType="GRASS" growthState="2" lastGrowthState="2" weedState="0" stoneLevel="0" groundType="GRASS" sprayType="NONE" sprayLevel="2" limeLevel="1" rollerLevel="0" plowLevel="1" stubbleShredLevel="0" waterLevel="0"/>
    <field id="134" plannedFruit="FALLOW" fruitType="GRASS" growthState="2" lastGrowthState="2" weedState="0" stoneLevel="0" groundType="GRASS" sprayType="NONE" sprayLevel="2" limeLevel="2" rollerLevel="0" plowLevel="1" stubbleShredLevel="0" waterLevel="0"/>
    <field id="135" plannedFruit="FALLOW" fruitType="GRASS" growthState="2" lastGrowthState="2" weedState="0" stoneLevel="0" groundType="GRASS" sprayType="FERTILIZER" sprayLevel="2" limeLevel="1" rollerLevel="0" plowLevel="1" stubbleShredLevel="0" waterLevel="0"/>
    <field id="136" plannedFruit="FALLOW" fruitType="GRASS" growthState="2" lastGrowthState="2" weedState="0" stoneLevel="0" groundType="GRASS" sprayType="FERTILIZER" sprayLevel="2" limeLevel="3" rollerLevel="0" plowLevel="1" stubbleShredLevel="0" waterLevel="0"/>
    <field id="137" plannedFruit="FALLOW" fruitType="GRASS" growthState="3" lastGrowthState="0" weedState="0" stoneLevel="0" groundType="GRASS" sprayType="NONE" sprayLevel="0" limeLevel="3" rollerLevel="0" plowLevel="1" stubbleShredLevel="0" waterLevel="0"/>
    <field id="138" plannedFruit="FALLOW" fruitType="GRASS" growthState="2" lastGrowthState="2" weedState="0" stoneLevel="0" groundType="GRASS" sprayType="FERTILIZER" sprayLevel="2" limeLevel="2" rollerLevel="0" plowLevel="1" stubbleShredLevel="0" waterLevel="0"/>
    <field id="139" plannedFruit="RYE" fruitType="UNKNOWN" growthState="0" lastGrowthState="0" weedState="0" stoneLevel="0" groundType="CULTIVATED" sprayType="NONE" sprayLevel="1" limeLevel="1" rollerLevel="0" plowLevel="1" stubbleShredLevel="0" waterLevel="0"/>
    <field id="140" plannedFruit="FALLOW" fruitType="MAIZE" growthState="4" lastGrowthState="0" weedState="0" stoneLevel="0" groundType="SOWN" sprayType="NONE" sprayLevel="0" limeLevel="1" rollerLevel="0" plowLevel="1" stubbleShredLevel="0" waterLevel="0"/>
    <field id="141" plannedFruit="FALLOW" fruitType="UNKNOWN" growthState="0" lastGrowthState="0" weedState="0" stoneLevel="0" groundType="SOWN" sprayType="NONE" sprayLevel="2" limeLevel="1" rollerLevel="0" plowLevel="1" stubbleShredLevel="0" waterLevel="0"/>
    <field id="142" plannedFruit="FALLOW" fruitType="PEA" growthState="1" lastGrowthState="0" weedState="0" stoneLevel="0" groundType="SOWN" sprayType="NONE" sprayLevel="1" limeLevel="0" rollerLevel="0" plowLevel="1" stubbleShredLevel="0" waterLevel="0"/>
    <field id="143" plannedFruit="FALLOW" fruitType="SPELT" growthState="3" lastGrowthState="2" weedState="0" stoneLevel="0" groundType="SOWN" sprayType="NONE" sprayLevel="0" limeLevel="1" rollerLevel="0" plowLevel="1" stubbleShredLevel="0" waterLevel="0"/>
    <field id="144" plannedFruit="FALLOW" fruitType="SUGARBEET" growthState="1" lastGrowthState="0" weedState="0" stoneLevel="0" groundType="SOWN" sprayType="NONE" sprayLevel="1" limeLevel="1" rollerLevel="0" plowLevel="1" stubbleShredLevel="0" waterLevel="0"/>
    <field id="145" plannedFruit="WHEAT" fruitType="UNKNOWN" growthState="0" lastGrowthState="0" weedState="0" stoneLevel="0" groundType="PLOWED" sprayType="NONE" sprayLevel="0" limeLevel="2" rollerLevel="0" plowLevel="1" stubbleShredLevel="0" waterLevel="0"/>
    <field id="146" plannedFruit="FALLOW" fruitType="SUMMERBARLEY" growthState="1" lastGrowthState="0" weedState="0" stoneLevel="0" groundType="SOWN" sprayType="NONE" sprayLevel="2" limeLevel="1" rollerLevel="0" plowLevel="0" stubbleShredLevel="0" waterLevel="0"/>
    <field id="147" plannedFruit="SUGARBEET" fruitType="UNKNOWN" growthState="0" lastGrowthState="0" weedState="0" stoneLevel="0" groundType="CULTIVATED" sprayType="LIME" sprayLevel="0" limeLevel="3" rollerLevel="0" plowLevel="1" stubbleShredLevel="0" waterLevel="0"/>
    <field id="148" plannedFruit="FALLOW" fruitType="GRASS" growthState="2" lastGrowthState="2" weedState="0" stoneLevel="0" groundType="GRASS" sprayType="FERTILIZER" sprayLevel="2" limeLevel="0" rollerLevel="0" plowLevel="0" stubbleShredLevel="0" waterLevel="0"/>
    <field id="149" plannedFruit="BEETROOT" fruitType="UNKNOWN" growthState="0" lastGrowthState="0" weedState="0" stoneLevel="0" groundType="PLOWED" sprayType="LIQUID_MANURE" sprayLevel="1" limeLevel="2" rollerLevel="0" plowLevel="1" stubbleShredLevel="0" waterLevel="1"/>
    <field id="150" plannedFruit="FALLOW" fruitType="GRASS" growthState="2" lastGrowthState="2" weedState="0" stoneLevel="0" groundType="GRASS" sprayType="FERTILIZER" sprayLevel="2" limeLevel="3" rollerLevel="0" plowLevel="1" stubbleShredLevel="0" waterLevel="0"/>
    <field id="151" plannedFruit="FALLOW" fruitType="SUMMERBARLEY" growthState="1" lastGrowthState="0" weedState="0" stoneLevel="0" groundType="SOWN" sprayType="NONE" sprayLevel="0" limeLevel="0" rollerLevel="0" plowLevel="1" stubbleShredLevel="0" waterLevel="0"/>
    <field id="152" plannedFruit="FALLOW" fruitType="GRASS" growthState="2" lastGrowthState="2" weedState="0" stoneLevel="0" groundType="GRASS" sprayType="FERTILIZER" sprayLevel="2" limeLevel="0" rollerLevel="0" plowLevel="0" stubbleShredLevel="0" waterLevel="0"/>
    <field id="153" plannedFruit="SPELT" fruitType="UNKNOWN" growthState="0" lastGrowthState="0" weedState="0" stoneLevel="0" groundType="PLOWED" sprayType="NONE" sprayLevel="1" limeLevel="1" rollerLevel="0" plowLevel="1" stubbleShredLevel="0" waterLevel="0"/>
    <field id="154" plannedFruit="FALLOW" fruitType="GRASS" growthState="2" lastGrowthState="2" weedState="0" stoneLevel="0" groundType="GRASS" sprayType="NONE" sprayLevel="1" limeLevel="1" rollerLevel="0" plowLevel="1" stubbleShredLevel="0" waterLevel="0"/>
    <field id="155" plannedFruit="FALLOW" fruitType="GRASS" growthState="2" lastGrowthState="2" weedState="0" stoneLevel="0" groundType="GRASS" sprayType="FERTILIZER" sprayLevel="2" limeLevel="1" rollerLevel="0" plowLevel="1" stubbleShredLevel="0" waterLevel="0"/>
    <field id="156" plannedFruit="RYE" fruitType="UNKNOWN" growthState="0" lastGrowthState="0" weedState="0" stoneLevel="0" groundType="SOWN" sprayType="NONE" sprayLevel="0" limeLevel="3" rollerLevel="0" plowLevel="1" stubbleShredLevel="0" waterLevel="0"/>
    <field id="157" plannedFruit="FALLOW" fruitType="UNKNOWN" growthState="0" lastGrowthState="0" weedState="0" stoneLevel="0" groundType="CULTIVATED" sprayType="NONE" sprayLevel="2" limeLevel="2" rollerLevel="0" plowLevel="0" stubbleShredLevel="0" waterLevel="0"/>
    <field id="158" plannedFruit="TRITICALE" fruitType="UNKNOWN" growthState="0" lastGrowthState="0" weedState="0" stoneLevel="0" groundType="CULTIVATED" sprayType="NONE" sprayLevel="2" limeLevel="2" rollerLevel="0" plowLevel="1" stubbleShredLevel="0" waterLevel="0"/>
    <field id="159" plannedFruit="FALLOW" fruitType="TRITICALE" growthState="3" lastGrowthState="2" weedState="0" stoneLevel="0" groundType="SOWN" sprayType="NONE" sprayLevel="2" limeLevel="3" rollerLevel="0" plowLevel="1" stubbleShredLevel="0" waterLevel="0"/>
    <field id="160" plannedFruit="SPELT" fruitType="UNKNOWN" growthState="0" lastGrowthState="0" weedState="0" stoneLevel="0" groundType="CULTIVATED" sprayType="NONE" sprayLevel="2" limeLevel="3" rollerLevel="0" plowLevel="1" stubbleShredLevel="0" waterLevel="0"/>
    <field id="161" plannedFruit="CANOLA" fruitType="UNKNOWN" growthState="0" lastGrowthState="0" weedState="0" stoneLevel="0" groundType="PLOWED" sprayType="NONE" sprayLevel="2" limeLevel="0" rollerLevel="0" plowLevel="1" stubbleShredLevel="0" waterLevel="0"/>
    <field id="162" plannedFruit="CARROT" fruitType="UNKNOWN" growthState="0" lastGrowthState="0" weedState="0" stoneLevel="0" groundType="CULTIVATED" sprayType="NONE" sprayLevel="1" limeLevel="1" rollerLevel="0" plowLevel="1" stubbleShredLevel="0" waterLevel="0"/>
    <field id="163" plannedFruit="CANOLA" fruitType="UNKNOWN" growthState="0" lastGrowthState="0" weedState="0" stoneLevel="0" groundType="CULTIVATED" sprayType="NONE" sprayLevel="0" limeLevel="0" rollerLevel="0" plowLevel="0" stubbleShredLevel="0" waterLevel="0"/>
    <field id="164" plannedFruit="FIELDBEAN" fruitType="UNKNOWN" growthState="0" lastGrowthState="0" weedState="0" stoneLevel="0" groundType="CULTIVATED" sprayType="NONE" sprayLevel="1" limeLevel="3" rollerLevel="0" plowLevel="1" stubbleShredLevel="0" waterLevel="0"/>
    <field id="165" plannedFruit="MAIZE" fruitType="UNKNOWN" growthState="0" lastGrowthState="0" weedState="0" stoneLevel="0" groundType="CULTIVATED" sprayType="NONE" sprayLevel="1" limeLevel="1" rollerLevel="0" plowLevel="0" stubbleShredLevel="0" waterLevel="0"/>
    <field id="166" plannedFruit="MAIZE" fruitType="UNKNOWN" growthState="0" lastGrowthState="0" weedState="0" stoneLevel="0" groundType="CULTIVATED" sprayType="NONE" sprayLevel="1" limeLevel="3" rollerLevel="0" plowLevel="1" stubbleShredLevel="0" waterLevel="0"/>
    <field id="167" plannedFruit="FIELDBEAN" fruitType="UNKNOWN" growthState="0" lastGrowthState="0" weedState="0" stoneLevel="0" groundType="PLOWED" sprayType="NONE" sprayLevel="0" limeLevel="1" rollerLevel="0" plowLevel="1" stubbleShredLevel="0" waterLevel="0"/>
    <field id="168" plannedFruit="GREENBEAN" fruitType="UNKNOWN" growthState="0" lastGrowthState="0" weedState="0" stoneLevel="0" groundType="PLOWED" sprayType="NONE" sprayLevel="0" limeLevel="2" rollerLevel="0" plowLevel="1" stubbleShredLevel="0" waterLevel="0"/>
    <field id="169" plannedFruit="PARSNIP" fruitType="UNKNOWN" growthState="0" lastGrowthState="0" weedState="0" stoneLevel="0" groundType="PLOWED" sprayType="LIQUID_MANURE" sprayLevel="2" limeLevel="3" rollerLevel="0" plowLevel="1" stubbleShredLevel="0" waterLevel="1"/>
    <field id="170" plannedFruit="FIELDBEAN" fruitType="UNKNOWN" growthState="0" lastGrowthState="0" weedState="9" stoneLevel="0" groundType="SOWN" sprayType="NONE" sprayLevel="0" limeLevel="2" rollerLevel="0" plowLevel="1" stubbleShredLevel="0" waterLevel="0"/>
    <field id="171" plannedFruit="FALLOW" fruitType="SPELT" growthState="10" lastGrowthState="10" weedState="0" stoneLevel="0" groundType="HARVEST_READY" sprayType="NONE" sprayLevel="0" limeLevel="0" rollerLevel="0" plowLevel="1" stubbleShredLevel="0" waterLevel="0"/>
    <field id="172" plannedFruit="FALLOW" fruitType="SUNFLOWER" growthState="1" lastGrowthState="0" weedState="0" stoneLevel="0" groundType="SOWN" sprayType="NONE" sprayLevel="2" limeLevel="0" rollerLevel="0" plowLevel="0" stubbleShredLevel="0" waterLevel="0"/>
    <field id="173" plannedFruit="BEETROOT" fruitType="UNKNOWN" growthState="0" lastGrowthState="0" weedState="0" stoneLevel="0" groundType="CULTIVATED" sprayType="LIME" sprayLevel="1" limeLevel="3" rollerLevel="0" plowLevel="0" stubbleShredLevel="0" waterLevel="0"/>
    <field id="174" plannedFruit="WHEAT" fruitType="UNKNOWN" growthState="0" lastGrowthState="0" weedState="0" stoneLevel="0" groundType="CULTIVATED" sprayType="NONE" sprayLevel="0" limeLevel="3" rollerLevel="0" plowLevel="1" stubbleShredLevel="0" waterLevel="0"/>
    <field id="175" plannedFruit="FALLOW" fruitType="UNKNOWN" growthState="0" lastGrowthState="0" weedState="0" stoneLevel="0" groundType="SOWN" sprayType="NONE" sprayLevel="0" limeLevel="1" rollerLevel="0" plowLevel="1" stubbleShredLevel="0" waterLevel="0"/>
    <field id="176" plannedFruit="FALLOW" fruitType="SPINACH" growthState="1" lastGrowthState="0" weedState="0" stoneLevel="0" groundType="SOWN" sprayType="NONE" sprayLevel="1" limeLevel="3" rollerLevel="0" plowLevel="1" stubbleShredLevel="0" waterLevel="0"/>
    <field id="177" plannedFruit="SUGARBEET" fruitType="UNKNOWN" growthState="0" lastGrowthState="0" weedState="0" stoneLevel="0" groundType="PLOWED" sprayType="NONE" sprayLevel="0" limeLevel="1" rollerLevel="0" plowLevel="1" stubbleShredLevel="0" waterLevel="0"/>
    <field id="178" plannedFruit="SPELT" fruitType="UNKNOWN" growthState="0" lastGrowthState="0" weedState="0" stoneLevel="0" groundType="CULTIVATED" sprayType="NONE" sprayLevel="1" limeLevel="1" rollerLevel="0" plowLevel="1" stubbleShredLevel="0" waterLevel="0"/>
    <field id="179" plannedFruit="FALLOW" fruitType="GRASS" growthState="2" lastGrowthState="2" weedState="0" stoneLevel="0" groundType="GRASS" sprayType="NONE" sprayLevel="0" limeLevel="2" rollerLevel="0" plowLevel="1" stubbleShredLevel="0" waterLevel="0"/>
    <field id="180" plannedFruit="CANOLA" fruitType="UNKNOWN" growthState="0" lastGrowthState="0" weedState="0" stoneLevel="0" groundType="PLOWED" sprayType="NONE" sprayLevel="1" limeLevel="0" rollerLevel="0" plowLevel="1" stubbleShredLevel="0" waterLevel="0"/>
    <field id="181" plannedFruit="CANOLA" fruitType="UNKNOWN" growthState="0" lastGrowthState="0" weedState="0" stoneLevel="0" groundType="CULTIVATED" sprayType="NONE" sprayLevel="1" limeLevel="0" rollerLevel="0" plowLevel="1" stubbleShredLevel="0" waterLevel="0"/>
    <field id="182" plannedFruit="FALLOW" fruitType="UNKNOWN" growthState="0" lastGrowthState="0" weedState="0" stoneLevel="0" groundType="SOWN" sprayType="NONE" sprayLevel="0" limeLevel="3" rollerLevel="0" plowLevel="1" stubbleShredLevel="0" waterLevel="0"/>
    <field id="183" plannedFruit="FALLOW" fruitType="GRASS" growthState="2" lastGrowthState="2" weedState="0" stoneLevel="0" groundType="GRASS" sprayType="FERTILIZER" sprayLevel="2" limeLevel="3" rollerLevel="0" plowLevel="1" stubbleShredLevel="0" waterLevel="0"/>
    <field id="184" plannedFruit="BEETROOT" fruitType="UNKNOWN" growthState="0" lastGrowthState="0" weedState="0" stoneLevel="0" groundType="PLOWED" sprayType="NONE" sprayLevel="0" limeLevel="0" rollerLevel="0" plowLevel="1" stubbleShredLevel="0" waterLevel="0"/>
    <field id="185" plannedFruit="PARSNIP" fruitType="UNKNOWN" growthState="0" lastGrowthState="0" weedState="0" stoneLevel="0" groundType="CULTIVATED" sprayType="NONE" sprayLevel="0" limeLevel="3" rollerLevel="0" plowLevel="1" stubbleShredLevel="0" waterLevel="0"/>
    <field id="186" plannedFruit="MAIZE" fruitType="UNKNOWN" growthState="0" lastGrowthState="0" weedState="0" stoneLevel="0" groundType="PLOWED" sprayType="NONE" sprayLevel="2" limeLevel="1" rollerLevel="0" plowLevel="1" stubbleShredLevel="0" waterLevel="0"/>
    <field id="187" plannedFruit="FALLOW" fruitType="GRASS" growthState="2" lastGrowthState="2" weedState="0" stoneLevel="0" groundType="GRASS" sprayType="FERTILIZER" sprayLevel="2" limeLevel="0" rollerLevel="0" plowLevel="1" stubbleShredLevel="0" waterLevel="0"/>
    <field id="188" plannedFruit="FALLOW" fruitType="GRASS" growthState="2" lastGrowthState="2" weedState="0" stoneLevel="0" groundType="GRASS" sprayType="NONE" sprayLevel="2" limeLevel="2" rollerLevel="0" plowLevel="1" stubbleShredLevel="0" waterLevel="0"/>
    <field id="189" plannedFruit="FALLOW" fruitType="GRASS" growthState="2" lastGrowthState="2" weedState="0" stoneLevel="0" groundType="GRASS" sprayType="FERTILIZER" sprayLevel="2" limeLevel="2" rollerLevel="0" plowLevel="1" stubbleShredLevel="0" waterLevel="0"/>
    <field id="190" plannedFruit="FALLOW" fruitType="SPINACH" growthState="10" lastGrowthState="10" weedState="0" stoneLevel="0" groundType="SOWN" sprayType="NONE" sprayLevel="2" limeLevel="0" rollerLevel="0" plowLevel="0" stubbleShredLevel="0" waterLevel="0"/>
    <field id="191" plannedFruit="FALLOW" fruitType="PEA" growthState="1" lastGrowthState="0" weedState="0" stoneLevel="0" groundType="SOWN" sprayType="NONE" sprayLevel="1" limeLevel="2" rollerLevel="0" plowLevel="1" stubbleShredLevel="0" waterLevel="0"/>
    <field id="192" plannedFruit="FALLOW" fruitType="GRASS" growthState="2" lastGrowthState="2" weedState="0" stoneLevel="0" groundType="GRASS" sprayType="NONE" sprayLevel="1" limeLevel="0" rollerLevel="0" plowLevel="1" stubbleShredLevel="0" waterLevel="0"/>
    <field id="193" plannedFruit="RYE" fruitType="UNKNOWN" growthState="0" lastGrowthState="0" weedState="0" stoneLevel="0" groundType="CULTIVATED" sprayType="LIME" sprayLevel="0" limeLevel="3" rollerLevel="0" plowLevel="1" stubbleShredLevel="0" waterLevel="0"/>
    <field id="194" plannedFruit="FALLOW" fruitType="GRASS" growthState="2" lastGrowthState="2" weedState="0" stoneLevel="0" groundType="GRASS" sprayType="NONE" sprayLevel="2" limeLevel="2" rollerLevel="0" plowLevel="1" stubbleShredLevel="0" waterLevel="0"/>
    <field id="195" plannedFruit="BARLEY" fruitType="UNKNOWN" growthState="0" lastGrowthState="0" weedState="0" stoneLevel="0" groundType="CULTIVATED" sprayType="NONE" sprayLevel="0" limeLevel="3" rollerLevel="0" plowLevel="1" stubbleShredLevel="0" waterLevel="0"/>
    <field id="196" plannedFruit="FIELDBEAN" fruitType="UNKNOWN" growthState="0" lastGrowthState="0" weedState="0" stoneLevel="0" groundType="PLOWED" sprayType="NONE" sprayLevel="1" limeLevel="2" rollerLevel="0" plowLevel="1" stubbleShredLevel="0" waterLevel="0"/>
    <field id="197" plannedFruit="FALLOW" fruitType="SUMMERBARLEY" growthState="1" lastGrowthState="0" weedState="0" stoneLevel="0" groundType="SOWN" sprayType="NONE" sprayLevel="1" limeLevel="2" rollerLevel="0" plowLevel="0" stubbleShredLevel="0" waterLevel="0"/>
    <field id="198" plannedFruit="FALLOW" fruitType="GRASS" growthState="2" lastGrowthState="2" weedState="0" stoneLevel="0" groundType="GRASS" sprayType="FERTILIZER" sprayLevel="2" limeLevel="3" rollerLevel="0" plowLevel="1" stubbleShredLevel="0" waterLevel="0"/>
    <field id="199" plannedFruit="FALLOW" fruitType="GRASS" growthState="2" lastGrowthState="2" weedState="0" stoneLevel="0" groundType="GRASS" sprayType="FERTILIZER" sprayLevel="2" limeLevel="2" rollerLevel="0" plowLevel="1" stubbleShredLevel="0" waterLevel="0"/>
    <field id="200" plannedFruit="FALLOW" fruitType="GRASS" growthState="2" lastGrowthState="2" weedState="0" stoneLevel="0" groundType="GRASS" sprayType="FERTILIZER" sprayLevel="2" limeLevel="0" rollerLevel="0" plowLevel="1" stubbleShredLevel="0" waterLevel="0"/>
    <field id="201" plannedFruit="BEETROOT" fruitType="UNKNOWN" growthState="0" lastGrowthState="0" weedState="0" stoneLevel="0" groundType="CULTIVATED" sprayType="NONE" sprayLevel="1" limeLevel="2" rollerLevel="0" plowLevel="1" stubbleShredLevel="0" waterLevel="0"/>
    <field id="202" plannedFruit="FALLOW" fruitType="GRASS" growthState="2" lastGrowthState="2" weedState="0" stoneLevel="0" groundType="GRASS" sprayType="NONE" sprayLevel="2" limeLevel="2" rollerLevel="0" plowLevel="1" stubbleShredLevel="0" waterLevel="0"/>
    <field id="203" plannedFruit="FALLOW" fruitType="GRASS" growthState="2" lastGrowthState="2" weedState="0" stoneLevel="0" groundType="GRASS" sprayType="FERTILIZER" sprayLevel="2" limeLevel="2" rollerLevel="0" plowLevel="1" stubbleShredLevel="0" waterLevel="0"/>
    <field id="204" plannedFruit="FALLOW" fruitType="GRASS" growthState="2" lastGrowthState="2" weedState="0" stoneLevel="0" groundType="GRASS" sprayType="FERTILIZER" sprayLevel="2" limeLevel="2" rollerLevel="0" plowLevel="1" stubbleShredLevel="0" waterLevel="0"/>
    <field id="205" plannedFruit="BEETROOT" fruitType="UNKNOWN" growthState="0" lastGrowthState="0" weedState="0" stoneLevel="0" groundType="CULTIVATED" sprayType="NONE" sprayLevel="2" limeLevel="2" rollerLevel="0" plowLevel="1" stubbleShredLevel="0" waterLevel="0"/>
    <field id="206" plannedFruit="PARSNIP" fruitType="UNKNOWN" growthState="0" lastGrowthState="0" weedState="0" stoneLevel="0" groundType="CULTIVATED" sprayType="NONE" sprayLevel="0" limeLevel="2" rollerLevel="0" plowLevel="0" stubbleShredLevel="0" waterLevel="0"/>
    <field id="207" plannedFruit="FALLOW" fruitType="SUGARBEET" growthState="1" lastGrowthState="0" weedState="0" stoneLevel="0" groundType="SOWN" sprayType="NONE" sprayLevel="0" limeLevel="3" rollerLevel="0" plowLevel="1" stubbleShredLevel="0" waterLevel="0"/>
    <field id="208" plannedFruit="FALLOW" fruitType="GRASS" growthState="2" lastGrowthState="2" weedState="0" stoneLevel="0" groundType="GRASS" sprayType="FERTILIZER" sprayLevel="2" limeLevel="2" rollerLevel="0" plowLevel="1" stubbleShredLevel="0" waterLevel="0"/>
    <field id="209" plannedFruit="CARROT" fruitType="UNKNOWN" growthState="0" lastGrowthState="0" weedState="0" stoneLevel="0" groundType="PLOWED" sprayType="NONE" sprayLevel="2" limeLevel="3" rollerLevel="0" plowLevel="1" stubbleShredLevel="0" waterLevel="0"/>
    <field id="210" plannedFruit="MAIZE" fruitType="UNKNOWN" growthState="0" lastGrowthState="0" weedState="0" stoneLevel="0" groundType="CULTIVATED" sprayType="NONE" sprayLevel="2" limeLevel="0" rollerLevel="0" plowLevel="0" stubbleShredLevel="0" waterLevel="0"/>
    <field id="211" plannedFruit="FALLOW" fruitType="PEA" growthState="1" lastGrowthState="0" weedState="0" stoneLevel="0" groundType="SOWN" sprayType="NONE" sprayLevel="1" limeLevel="1" rollerLevel="0" plowLevel="1" stubbleShredLevel="0" waterLevel="0"/>
    <field id="212" plannedFruit="FALLOW" fruitType="CARROT" growthState="7" lastGrowthState="7" weedState="0" stoneLevel="0" groundType="HARVEST_READY_OTHER" sprayType="NONE" sprayLevel="0" limeLevel="0" rollerLevel="0" plowLevel="0" stubbleShredLevel="0" waterLevel="0"/>
    <field id="213" plannedFruit="FALLOW" fruitType="SUMMERBARLEY" growthState="1" lastGrowthState="0" weedState="0" stoneLevel="0" groundType="SOWN" sprayType="NONE" sprayLevel="2" limeLevel="2" rollerLevel="0" plowLevel="1" stubbleShredLevel="0" waterLevel="0"/>
    <field id="214" plannedFruit="FALLOW" fruitType="CARROT" growthState="7" lastGrowthState="7" weedState="0" stoneLevel="0" groundType="HARVEST_READY_OTHER" sprayType="NONE" sprayLevel="0" limeLevel="1" rollerLevel="0" plowLevel="0" stubbleShredLevel="0" waterLevel="0"/>
    <field id="215" plannedFruit="FIELDBEAN" fruitType="UNKNOWN" growthState="0" lastGrowthState="0" weedState="0" stoneLevel="0" groundType="CULTIVATED" sprayType="NONE" sprayLevel="1" limeLevel="0" rollerLevel="0" plowLevel="1" stubbleShredLevel="0" waterLevel="0"/>
    <field id="216" plannedFruit="WHEAT" fruitType="UNKNOWN" growthState="0" lastGrowthState="0" weedState="0" stoneLevel="0" groundType="PLOWED" sprayType="NONE" sprayLevel="1" limeLevel="0" rollerLevel="0" plowLevel="1" stubbleShredLevel="0" waterLevel="0"/>
    <field id="217" plannedFruit="CANOLA" fruitType="UNKNOWN" growthState="0" lastGrowthState="0" weedState="0" stoneLevel="0" groundType="PLOWED" sprayType="NONE" sprayLevel="2" limeLevel="1" rollerLevel="0" plowLevel="1" stubbleShredLevel="0" waterLevel="0"/>
    <field id="218" plannedFruit="FALLOW" fruitType="SUGARBEET" growthState="1" lastGrowthState="0" weedState="0" stoneLevel="0" groundType="SOWN" sprayType="NONE" sprayLevel="1" limeLevel="3" rollerLevel="0" plowLevel="1" stubbleShredLevel="0" waterLevel="0"/>
    <field id="219" plannedFruit="CARROT" fruitType="UNKNOWN" growthState="0" lastGrowthState="0" weedState="0" stoneLevel="0" groundType="PLOWED" sprayType="NONE" sprayLevel="1" limeLevel="1" rollerLevel="0" plowLevel="1" stubbleShredLevel="0" waterLevel="0"/>
    <field id="220" plannedFruit="PARSNIP" fruitType="UNKNOWN" growthState="0" lastGrowthState="0" weedState="0" stoneLevel="0" groundType="CULTIVATED" sprayType="NONE" sprayLevel="0" limeLevel="0" rollerLevel="0" plowLevel="1" stubbleShredLevel="0" waterLevel="0"/>
    <field id="221" plannedFruit="PARSNIP" fruitType="UNKNOWN" growthState="0" lastGrowthState="0" weedState="0" stoneLevel="0" groundType="CULTIVATED" sprayType="LIME" sprayLevel="2" limeLevel="3" rollerLevel="0" plowLevel="1" stubbleShredLevel="0" waterLevel="0"/>
    <field id="222" plannedFruit="WHEAT" fruitType="UNKNOWN" growthState="0" lastGrowthState="0" weedState="0" stoneLevel="0" groundType="CULTIVATED" sprayType="NONE" sprayLevel="1" limeLevel="0" rollerLevel="0" plowLevel="1" stubbleShredLevel="0" waterLevel="0"/>
    <field id="223" plannedFruit="FALLOW" fruitType="PEA" growthState="1" lastGrowthState="0" weedState="0" stoneLevel="0" groundType="SOWN" sprayType="NONE" sprayLevel="1" limeLevel="2" rollerLevel="0" plowLevel="1" stubbleShredLevel="0" waterLevel="0"/>
    <field id="224" plannedFruit="FALLOW" fruitType="SUMMERBARLEY" growthState="1" lastGrowthState="0" weedState="0" stoneLevel="0" groundType="SOWN" sprayType="NONE" sprayLevel="1" limeLevel="1" rollerLevel="0" plowLevel="1" stubbleShredLevel="0" waterLevel="0"/>
    <field id="225" plannedFruit="TRITICALE" fruitType="UNKNOWN" growthState="0" lastGrowthState="0" weedState="0" stoneLevel="0" groundType="PLOWED" sprayType="NONE" sprayLevel="0" limeLevel="1" rollerLevel="0" plowLevel="1" stubbleShredLevel="0" waterLevel="0"/>
    <field id="226" plannedFruit="CARROT" fruitType="UNKNOWN" growthState="0" lastGrowthState="0" weedState="0" stoneLevel="0" groundType="CULTIVATED" sprayType="LIME" sprayLevel="2" limeLevel="3" rollerLevel="0" plowLevel="0" stubbleShredLevel="0" waterLevel="0"/>
    <field id="227" plannedFruit="BARLEY" fruitType="UNKNOWN" growthState="0" lastGrowthState="0" weedState="0" stoneLevel="0" groundType="PLOWED" sprayType="NONE" sprayLevel="2" limeLevel="2" rollerLevel="0" plowLevel="1" stubbleShredLevel="0" waterLevel="0"/>
    <field id="228" plannedFruit="GREENBEAN" fruitType="UNKNOWN" growthState="0" lastGrowthState="0" weedState="0" stoneLevel="0" groundType="CULTIVATED" sprayType="LIME" sprayLevel="1" limeLevel="3" rollerLevel="0" plowLevel="1" stubbleShredLevel="0" waterLevel="0"/>
    <field id="229" plannedFruit="FALLOW" fruitType="SUNFLOWER" growthState="1" lastGrowthState="0" weedState="0" stoneLevel="0" groundType="SOWN" sprayType="NONE" sprayLevel="2" limeLevel="3" rollerLevel="0" plowLevel="1" stubbleShredLevel="0" waterLevel="0"/>
    <field id="230" plannedFruit="GREENBEAN" fruitType="UNKNOWN" growthState="0" lastGrowthState="0" weedState="0" stoneLevel="0" groundType="CULTIVATED" sprayType="NONE" sprayLevel="1" limeLevel="0" rollerLevel="0" plowLevel="1" stubbleShredLevel="0" waterLevel="0"/>
    <field id="231" plannedFruit="FALLOW" fruitType="GRASS" growthState="2" lastGrowthState="2" weedState="0" stoneLevel="0" groundType="GRASS" sprayType="FERTILIZER" sprayLevel="2" limeLevel="1" rollerLevel="0" plowLevel="1" stubbleShredLevel="0" waterLevel="0"/>
    <field id="232" plannedFruit="BARLEY" fruitType="UNKNOWN" growthState="0" lastGrowthState="0" weedState="0" stoneLevel="0" groundType="PLOWED" sprayType="NONE" sprayLevel="0" limeLevel="1" rollerLevel="0" plowLevel="1" stubbleShredLevel="0" waterLevel="0"/>
    <field id="233" plannedFruit="FALLOW" fruitType="UNKNOWN" growthState="0" lastGrowthState="0" weedState="0" stoneLevel="0" groundType="CULTIVATED" sprayType="NONE" sprayLevel="2" limeLevel="2" rollerLevel="0" plowLevel="1" stubbleShredLevel="0" waterLevel="0"/>
    <field id="234" plannedFruit="FALLOW" fruitType="POTATO" growthState="1" lastGrowthState="0" weedState="1" stoneLevel="0" groundType="SOWN" sprayType="NONE" sprayLevel="2" limeLevel="0" rollerLevel="0" plowLevel="1" stubbleShredLevel="0" waterLevel="0"/>
    <field id="235" plannedFruit="FIELDBEAN" fruitType="UNKNOWN" growthState="0" lastGrowthState="0" weedState="0" stoneLevel="0" groundType="CULTIVATED" sprayType="NONE" sprayLevel="1" limeLevel="0" rollerLevel="0" plowLevel="0" stubbleShredLevel="0" waterLevel="0"/>
    <field id="236" plannedFruit="SPELT" fruitType="UNKNOWN" growthState="0" lastGrowthState="0" weedState="0" stoneLevel="0" groundType="CULTIVATED" sprayType="NONE" sprayLevel="1" limeLevel="2" rollerLevel="0" plowLevel="0" stubbleShredLevel="0" waterLevel="0"/>
    <field id="237" plannedFruit="MAIZE" fruitType="UNKNOWN" growthState="0" lastGrowthState="0" weedState="0" stoneLevel="0" groundType="CULTIVATED" sprayType="NONE" sprayLevel="2" limeLevel="0" rollerLevel="0" plowLevel="0" stubbleShredLevel="0" waterLevel="0"/>
    <field id="238" plannedFruit="FALLOW" fruitType="SUGARBEET" growthState="1" lastGrowthState="0" weedState="0" stoneLevel="0" groundType="SOWN" sprayType="NONE" sprayLevel="1" limeLevel="0" rollerLevel="0" plowLevel="1" stubbleShredLevel="0" waterLevel="0"/>
    <field id="239" plannedFruit="GREENBEAN" fruitType="UNKNOWN" growthState="0" lastGrowthState="0" weedState="0" stoneLevel="0" groundType="PLOWED" sprayType="NONE" sprayLevel="2" limeLevel="0" rollerLevel="0" plowLevel="1" stubbleShredLevel="0" waterLevel="0"/>
    <field id="240" plannedFruit="FALLOW" fruitType="SPINACH" growthState="1" lastGrowthState="0" weedState="0" stoneLevel="0" groundType="SOWN" sprayType="NONE" sprayLevel="0" limeLevel="0" rollerLevel="0" plowLevel="1" stubbleShredLevel="0" waterLevel="0"/>
    <field id="241" plannedFruit="TRITICALE" fruitType="UNKNOWN" growthState="0" lastGrowthState="0" weedState="0" stoneLevel="0" groundType="CULTIVATED" sprayType="NONE" sprayLevel="0" limeLevel="2" rollerLevel="0" plowLevel="1" stubbleShredLevel="0" waterLevel="0"/>
    <field id="242" plannedFruit="SPELT" fruitType="UNKNOWN" growthState="0" lastGrowthState="0" weedState="0" stoneLevel="0" groundType="PLOWED" sprayType="NONE" sprayLevel="1" limeLevel="1" rollerLevel="0" plowLevel="1" stubbleShredLevel="0" waterLevel="0"/>
    <field id="243" plannedFruit="FALLOW" fruitType="SPELT" growthState="3" lastGrowthState="2" weedState="0" stoneLevel="0" groundType="SOWN" sprayType="NONE" sprayLevel="2" limeLevel="0" rollerLevel="0" plowLevel="0" stubbleShredLevel="0" waterLevel="0"/>
    <field id="244" plannedFruit="BEETROOT" fruitType="UNKNOWN" growthState="0" lastGrowthState="0" weedState="0" stoneLevel="0" groundType="CULTIVATED" sprayType="NONE" sprayLevel="0" limeLevel="0" rollerLevel="0" plowLevel="0" stubbleShredLevel="0" waterLevel="0"/>
    <field id="245" plannedFruit="FALLOW" fruitType="GRASS" growthState="2" lastGrowthState="2" weedState="0" stoneLevel="0" groundType="GRASS" sprayType="FERTILIZER" sprayLevel="2" limeLevel="0" rollerLevel="0" plowLevel="0" stubbleShredLevel="0" waterLevel="0"/>
    <field id="246" plannedFruit="FALLOW" fruitType="PEA" growthState="1" lastGrowthState="0" weedState="0" stoneLevel="0" groundType="SOWN" sprayType="NONE" sprayLevel="0" limeLevel="0" rollerLevel="0" plowLevel="0" stubbleShredLevel="0" waterLevel="0"/>
    <field id="247" plannedFruit="CARROT" fruitType="UNKNOWN" growthState="0" lastGrowthState="0" weedState="0" stoneLevel="0" groundType="CULTIVATED" sprayType="NONE" sprayLevel="2" limeLevel="3" rollerLevel="0" plowLevel="1" stubbleShredLevel="0" waterLevel="0"/>
    <field id="248" plannedFruit="GREENBEAN" fruitType="UNKNOWN" growthState="0" lastGrowthState="0" weedState="0" stoneLevel="0" groundType="CULTIVATED" sprayType="LIME" sprayLevel="0" limeLevel="0" rollerLevel="0" plowLevel="0" stubbleShredLevel="0" waterLevel="0"/>
    <field id="249" plannedFruit="FALLOW" fruitType="OAT" growthState="1" lastGrowthState="0" weedState="0" stoneLevel="0" groundType="SOWN" sprayType="NONE" sprayLevel="0" limeLevel="0" rollerLevel="0" plowLevel="0" stubbleShredLevel="0" waterLevel="0"/>
    <field id="250" plannedFruit="FALLOW" fruitType="SUNFLOWER" growthState="1" lastGrowthState="0" weedState="1" stoneLevel="0" groundType="SOWN" sprayType="NONE" sprayLevel="0" limeLevel="0" rollerLevel="0" plowLevel="0" stubbleShredLevel="0" waterLevel="0"/>
    <field id="251" plannedFruit="FALLOW" fruitType="GRASS" growthState="2" lastGrowthState="2" weedState="0" stoneLevel="0" groundType="GRASS" sprayType="FERTILIZER" sprayLevel="2" limeLevel="0" rollerLevel="0" plowLevel="0" stubbleShredLevel="0" waterLevel="0"/>
    <field id="252" plannedFruit="FALLOW" fruitType="GRASS" growthState="2" lastGrowthState="2" weedState="0" stoneLevel="0" groundType="GRASS" sprayType="NONE" sprayLevel="0" limeLevel="0" rollerLevel="0" plowLevel="0" stubbleShredLevel="0" waterLevel="0"/>
    <field id="253" plannedFruit="FALLOW" fruitType="GRASS" growthState="2" lastGrowthState="2" weedState="0" stoneLevel="0" groundType="GRASS" sprayType="FERTILIZER" sprayLevel="2" limeLevel="3" rollerLevel="0" plowLevel="0" stubbleShredLevel="0" waterLevel="0"/>
</fields>
