﻿<?xml version="1.0" encoding="utf-8" standalone="no"?>
<missions version="0">
    <treeTransportMission numTrees="19" uniqueId="mission70c2527345c910d1ac86ed54d841d8fc" status="CREATED" finishState="NONE" spotIndex="6" numDeliveredTrees="0" numDeletedTrees="0">
        <info reward="4845" reimbursement="0.000000" completion="0.000000"/>
        <vehicles spawned="false" group="1"/>
        <endDate endDay="14" endDayTime="64800000"/>
        <sellingStation uniqueId="placeablecbf623d41b8e135fec2ca2ed192e9c9f" unloadingStationIndex="1"/>
    </treeTransportMission>
    <stonePickMission uniqueId="missionc74fbd9bce69ba8f80e741f2bf7972e4" status="CREATED" finishState="NONE">
        <info reward="0" reimbursement="0.000000" completion="0.000000"/>
        <vehicles spawned="false" group="3"/>
        <endDate endDay="13" endDayTime="86399999"/>
        <field id="225"/>
    </stonePickMission>
    <fertilizeMission uniqueId="mission7dbeb4770dc9484b549a7f19cbbe2f87" status="CREATED" finishState="NONE" targetSprayLevel="2">
        <info reward="0" reimbursement="0.000000" completion="0.000000"/>
        <vehicles spawned="false" group="1"/>
        <endDate endDay="13" endDayTime="86399999"/>
        <field id="103"/>
    </fertilizeMission>
    <fertilizeMission uniqueId="mission2a19699ab7a0fbc0ddb98d334c9cad30" status="CREATED" finishState="NONE" targetSprayLevel="1">
        <info reward="0" reimbursement="0.000000" completion="0.000000"/>
        <vehicles spawned="false" group="2"/>
        <endDate endDay="13" endDayTime="86399999"/>
        <field id="212"/>
    </fertilizeMission>
    <plowMission uniqueId="mission6f307fc4fd5e0a703bdbd2ac186c4020" status="CREATED" finishState="NONE">
        <info reward="0" reimbursement="0.000000" completion="0.000000"/>
        <vehicles spawned="false" group="1"/>
        <endDate endDay="13" endDayTime="86399999"/>
        <field id="190"/>
    </plowMission>
    <fertilizeMission uniqueId="mission09876dafa6ad5abb900fa81534152a69" status="CREATED" finishState="NONE" targetSprayLevel="1">
        <info reward="0" reimbursement="0.000000" completion="0.000000"/>
        <vehicles spawned="false" group="1"/>
        <endDate endDay="13" endDayTime="86399999"/>
        <field id="110"/>
    </fertilizeMission>
</missions>
