﻿<?xml version="1.0" encoding="utf-8" standalone="no"?>
<players>
    <player uniqueUserId="SxYg+KZ3E/CbJZFeb4dBBbcixmXJY93rEjQk03RCcas=" timeLastConnected="2025/10/24 21:32">
        <style filename="dataS/character/playerM/playerM.xml">
            <facegear color="1"/>
            <onepiece color="1" name="empty"/>
            <bottom color="1" name="jeans"/>
            <face color="1" name="head01"/>
            <top color="1" name="collaredShirt"/>
            <gloves color="1" name="empty"/>
            <headgear color="1" name="empty"/>
            <glasses color="1" name="empty"/>
            <footwear color="1" name="workBoots2"/>
            <hairStyle color="6" name="hair02"/>
            <beard color="6" name="empty"/>
        </style>
    </player>
    <player uniqueUserId="/PJ7Y6kE6zQU91YMCiJBvF9Xm/Ji3TCq9RWGieklP7k=" timeLastConnected="2025/10/24 21:32">
        <style filename="dataS/character/playerM/playerM.xml">
            <facegear color="1"/>
            <onepiece color="1" name="empty"/>
            <bottom color="1" name="jeans"/>
            <face color="1" name="head01"/>
            <top color="1" name="collaredShirt"/>
            <gloves color="1" name="empty"/>
            <headgear color="1" name="empty"/>
            <glasses color="1" name="empty"/>
            <footwear color="1" name="workBoots2"/>
            <hairStyle color="6" name="hair02"/>
            <beard color="6" name="empty"/>
        </style>
    </player>
    <player uniqueUserId="RszeZhkc4/pty1iJmEVmpSSvqQHdA7ONqIP9y3rXuMs=" timeLastConnected="2025/10/13 21:39">
        <style filename="dataS/character/playerM/playerM.xml">
            <facegear color="1"/>
            <onepiece color="1" name="empty"/>
            <bottom color="1" name="jeans"/>
            <face color="1" name="head01"/>
            <top color="1" name="collaredShirt"/>
            <gloves color="1" name="empty"/>
            <headgear color="1" name="empty"/>
            <glasses color="1" name="empty"/>
            <footwear color="1" name="workBoots2"/>
            <hairStyle color="6" name="hair02"/>
            <beard color="6" name="empty"/>
        </style>
    </player>
    <player uniqueUserId="/WLawrHCu6LCL547Osl02+w9VYPgwEDtu6hO0hihB0c=" timeLastConnected="2025/10/13 22:28">
        <style filename="dataS/character/playerM/playerM.xml">
            <facegear color="1"/>
            <onepiece color="1" name="empty"/>
            <bottom color="1" name="jeans"/>
            <face color="1" name="head01"/>
            <top color="1" name="collaredShirt"/>
            <gloves color="1" name="empty"/>
            <headgear color="1" name="empty"/>
            <glasses color="1" name="empty"/>
            <footwear color="1" name="workBoots2"/>
            <hairStyle color="6" name="hair02"/>
            <beard color="6" name="empty"/>
        </style>
    </player>
    <player uniqueUserId="TrXuidZ8mBSXGUaNAi1IbjF4yoL9S9uJMKZ7Yi6Rqj8=" timeLastConnected="2025/10/13 22:26">
        <style filename="dataS/character/playerM/playerM.xml">
            <facegear color="1"/>
            <onepiece color="1" name="empty"/>
            <bottom color="1" name="jeans"/>
            <face color="1" name="head01"/>
            <top color="1" name="collaredShirt"/>
            <gloves color="1" name="empty"/>
            <headgear color="1" name="empty"/>
            <glasses color="1" name="empty"/>
            <footwear color="1" name="workBoots2"/>
            <hairStyle color="6" name="hair02"/>
            <beard color="6" name="empty"/>
        </style>
    </player>
    <player uniqueUserId="uH9qpPW2KDd3wV20wV1u8THZAIlK30z2qipxdmPnfx8=" timeLastConnected="2025/10/24 17:42">
        <style filename="dataS/character/playerM/playerM.xml">
            <facegear color="1"/>
            <onepiece color="1" name="empty"/>
            <bottom color="1" name="jeans"/>
            <face color="1" name="head01"/>
            <top color="1" name="collaredShirt"/>
            <gloves color="1" name="empty"/>
            <headgear color="1" name="empty"/>
            <glasses color="1" name="empty"/>
            <footwear color="1" name="workBoots2"/>
            <hairStyle color="6" name="hair02"/>
            <beard color="6" name="empty"/>
        </style>
    </player>
</players>
