﻿<?xml version="1.0" encoding="utf-8" standalone="no"?>
<vehicles>
    <vehicle modName="FS25_SchwesingBahnhof" filename="$moddir$FS25_SchwesingBahnhof/map/placeables/trainSystem/locomotive01/locomotive01.xml" uniqueId="vehiclecec53019bab939dab43b47533c4f0540" age="7.000000" price="1.000000" farmId="0" propertyState="NONE" operatingTime="3425.106689" selectedObjectIndex="7" subSelectedObjectIndex="1">
        <component index="1" position="-515.989 10.196 -726.888" rotation="-0.06 -64.06 0.00"/>
        <configuration name="motor" id="1" isActive="true"/>
        <configuration name="wheel" id="1" isActive="true"/>
        <wheels lastConfigId="1"/>
        <enterable activeCameraIndex="1" isTabbable="false" isLeavingAllowed="true">
            <camera rotation="-24.00 180.00 0.00" translation="-0.000 0.000 16.000" zoom="16.000010" fovY="54.432205"/>
            <camera rotation="-5.00 180.00 0.00" translation="0.000 0.000 0.000" zoom="0.000010" fovY="60.000000"/>
        </enterable>
        <drivable cruiseControl="80" cruiseControlReverse="80" odometerMilage="2308.660645"/>
        <attacherJoints comboDirection="-1">
            <attachedImplement jointIndex="1" moveDown="false" attachedVehicleUniqueId="vehicle6a634e311325560b291295cef203abdd" inputJointIndex="1"/>
        </attacherJoints>
    </vehicle>
    <vehicle filename="data/vehicles/train/wagonWoodChipsEU/wagonWoodChipsEU.xml" uniqueId="vehicle6a634e311325560b291295cef203abdd" age="7.000000" price="1.000000" farmId="0" propertyState="NONE" operatingTime="3424.648193">
        <component index="1" position="-499.394 10.170 -734.974" rotation="0.00 -63.70 0.00"/>
        <configuration name="fillUnit" id="1" isActive="true"/>
        <configuration name="trailer" id="1" isActive="true"/>
        <configuration name="fillVolume" id="1" isActive="true"/>
        <configuration name="wheel" id="1" isActive="true"/>
        <wheels lastConfigId="1"/>
        <attacherJoints comboDirection="-1">
            <attachedImplement jointIndex="1" moveDown="false" attachedVehicleUniqueId="vehicle7ab4a3845b60938884ab8e3efeb3b917" inputJointIndex="1"/>
        </attacherJoints>
        <attachable isDetachingBlocked="false"/>
        <fillUnit>
            <unit index="1" fillType="UNKNOWN" fillLevel="0.000000"/>
        </fillUnit>
        <dischargeable isAllowed="true"/>
        <trailer doorState="false" tipAnimationTime="0.000000" tipState="0"/>
    </vehicle>
    <vehicle filename="data/vehicles/train/wagonWoodChipsEU/wagonWoodChipsEU.xml" uniqueId="vehicle7ab4a3845b60938884ab8e3efeb3b917" age="7.000000" price="1.000000" farmId="0" propertyState="NONE" operatingTime="3424.648193">
        <component index="1" position="-483.091 10.189 -743.061" rotation="0.18 -63.35 0.00"/>
        <configuration name="fillUnit" id="1" isActive="true"/>
        <configuration name="trailer" id="1" isActive="true"/>
        <configuration name="fillVolume" id="1" isActive="true"/>
        <configuration name="wheel" id="1" isActive="true"/>
        <wheels lastConfigId="1"/>
        <attacherJoints comboDirection="-1">
            <attachedImplement jointIndex="1" moveDown="false" attachedVehicleUniqueId="vehicle2724c1293ba31e64e3816b30b8ad86fc" inputJointIndex="1"/>
        </attacherJoints>
        <attachable isDetachingBlocked="false"/>
        <fillUnit>
            <unit index="1" fillType="UNKNOWN" fillLevel="0.000000"/>
        </fillUnit>
        <dischargeable isAllowed="true"/>
        <trailer doorState="false" tipAnimationTime="0.000000" tipState="0"/>
    </vehicle>
    <vehicle filename="data/vehicles/train/wagonWoodChipsEU/wagonWoodChipsEU.xml" uniqueId="vehicle2724c1293ba31e64e3816b30b8ad86fc" age="7.000000" price="1.000000" farmId="0" propertyState="NONE" operatingTime="3424.648193">
        <component index="1" position="-465.655 10.239 -751.838" rotation="-0.01 -62.98 0.00"/>
        <configuration name="fillUnit" id="1" isActive="true"/>
        <configuration name="trailer" id="1" isActive="true"/>
        <configuration name="fillVolume" id="1" isActive="true"/>
        <configuration name="wheel" id="1" isActive="true"/>
        <wheels lastConfigId="1"/>
        <attacherJoints comboDirection="-1">
            <attachedImplement jointIndex="1" moveDown="false" attachedVehicleUniqueId="vehicle891224d7b01b5980a2107522514325c9" inputJointIndex="1"/>
        </attacherJoints>
        <attachable isDetachingBlocked="false"/>
        <fillUnit>
            <unit index="1" fillType="UNKNOWN" fillLevel="0.000000"/>
        </fillUnit>
        <dischargeable isAllowed="true"/>
        <trailer doorState="false" tipAnimationTime="0.000000" tipState="0"/>
    </vehicle>
    <vehicle filename="data/vehicles/train/wagonWoodChipsEU/wagonWoodChipsEU.xml" uniqueId="vehicle891224d7b01b5980a2107522514325c9" age="7.000000" price="1.000000" farmId="0" propertyState="NONE" operatingTime="3424.648193">
        <component index="1" position="-449.445 10.231 -760.119" rotation="-0.10 -62.79 0.00"/>
        <configuration name="fillUnit" id="1" isActive="true"/>
        <configuration name="trailer" id="1" isActive="true"/>
        <configuration name="fillVolume" id="1" isActive="true"/>
        <configuration name="wheel" id="1" isActive="true"/>
        <wheels lastConfigId="1"/>
        <attacherJoints comboDirection="-1">
            <attachedImplement jointIndex="1" moveDown="false" attachedVehicleUniqueId="vehicle258ae645f0bb950df215f0ae43bc7da2" inputJointIndex="1"/>
        </attacherJoints>
        <attachable isDetachingBlocked="false"/>
        <fillUnit>
            <unit index="1" fillType="UNKNOWN" fillLevel="0.000000"/>
        </fillUnit>
        <dischargeable isAllowed="true"/>
        <trailer doorState="false" tipAnimationTime="0.000000" tipState="0"/>
    </vehicle>
    <vehicle filename="data/vehicles/train/wagonWoodChipsEU/wagonWoodChipsEU.xml" uniqueId="vehicle258ae645f0bb950df215f0ae43bc7da2" age="7.000000" price="1.000000" farmId="0" propertyState="NONE" operatingTime="3424.648193">
        <component index="1" position="-433.261 10.196 -768.446" rotation="-0.14 -62.69 0.00"/>
        <configuration name="fillUnit" id="1" isActive="true"/>
        <configuration name="trailer" id="1" isActive="true"/>
        <configuration name="fillVolume" id="1" isActive="true"/>
        <configuration name="wheel" id="1" isActive="true"/>
        <wheels lastConfigId="1"/>
        <attacherJoints comboDirection="-1">
            <attachedImplement jointIndex="1" moveDown="false" attachedVehicleUniqueId="vehiclec9ddaf0310d584ed39ea1cf2aa097ce8" inputJointIndex="1"/>
        </attacherJoints>
        <attachable isDetachingBlocked="false"/>
        <fillUnit>
            <unit index="1" fillType="UNKNOWN" fillLevel="0.000000"/>
        </fillUnit>
        <dischargeable isAllowed="true"/>
        <trailer doorState="false" tipAnimationTime="0.000000" tipState="0"/>
    </vehicle>
    <vehicle filename="data/vehicles/train/wagonWoodChipsEU/wagonWoodChipsEU.xml" uniqueId="vehiclec9ddaf0310d584ed39ea1cf2aa097ce8" age="7.000000" price="1.000000" farmId="0" propertyState="NONE" operatingTime="3424.648193">
        <component index="1" position="-417.090 10.150 -776.802" rotation="-0.16 -62.59 0.00"/>
        <configuration name="fillUnit" id="1" isActive="true"/>
        <configuration name="trailer" id="1" isActive="true"/>
        <configuration name="fillVolume" id="1" isActive="true"/>
        <configuration name="wheel" id="1" isActive="true"/>
        <wheels lastConfigId="1"/>
        <attacherJoints comboDirection="-1"/>
        <attachable isDetachingBlocked="false"/>
        <fillUnit>
            <unit index="1" fillType="UNKNOWN" fillLevel="0.000000"/>
        </fillUnit>
        <dischargeable isAllowed="true"/>
        <trailer doorState="false" tipAnimationTime="0.000000" tipState="0"/>
    </vehicle>
    <vehicle modName="FS25_PickupHitchForageHarvesters" filename="$moddir$FS25_PickupHitchForageHarvesters/pickuphitch.xml" uniqueId="vehiclede1e3e58100628c89aa7e7848dde5b81" age="7.000000" price="4500.000000" farmId="1" propertyState="OWNED" operatingTime="13579.529297" selectedObjectIndex="1" subSelectedObjectIndex="1">
        <component index="1" position="-424.138 9.986 -677.793" rotation="180.00 -44.17 -180.00"/>
        <configuration name="inputAttacherJoint" id="1" isActive="true"/>
        <configuration name="attacherJoint" id="1" isActive="true"/>
        <washable>
            <dirtNode amount="0.204042" wetness="0.000000"/>
        </washable>
        <wearable damage="0.082451">
            <wearNode amount="0.147761"/>
        </wearable>
        <attachable isDetachingBlocked="false"/>
        <attacherJoints comboDirection="-1"/>
    </vehicle>
    <vehicle modName="FS25_PickupHitchForageHarvesters" filename="$moddir$FS25_PickupHitchForageHarvesters/pickuphitch.xml" uniqueId="vehicle3b0b6f392d2319680bc927d59103adf4" age="7.000000" price="4500.000000" farmId="1" propertyState="OWNED" operatingTime="15189.178711">
        <component index="1" position="-402.909 10.528 -664.286" rotation="-0.50 36.07 -0.03"/>
        <configuration name="inputAttacherJoint" id="1" isActive="false"/>
        <configuration name="inputAttacherJoint" id="4" isActive="true"/>
        <configuration name="attacherJoint" id="1" isActive="false"/>
        <configuration name="attacherJoint" id="4" isActive="true"/>
        <washable>
            <dirtNode amount="0.015948" wetness="0.000000"/>
        </washable>
        <wearable damage="0.098402">
            <wearNode amount="0.164389"/>
        </wearable>
        <attachable isDetachingBlocked="false"/>
        <attacherJoints comboDirection="-1"/>
    </vehicle>
    <vehicle filename="data/vehicles/albutt/wheelLoaderSilageFork/wheelLoaderSilageFork.xml" uniqueId="vehicle29cff67514d301b48e22eac1afc29994" age="7.000000" price="10500.000000" farmId="1" propertyState="OWNED" operatingTime="30513.953125">
        <component index="1" position="-403.145 10.076 -671.747" rotation="-176.43 -40.19 179.98"/>
        <configuration name="folding" id="1" isActive="true"/>
        <configuration name="fillUnit" id="1" isActive="true"/>
        <configuration name="fillVolume" id="1" isActive="true"/>
        <washable>
            <dirtNode amount="0.488340" wetness="0.453758"/>
        </washable>
        <wearable damage="0.153352">
            <wearNode amount="0.177566"/>
        </wearable>
        <attachable isDetachingBlocked="false"/>
        <attacherJoints comboDirection="-1"/>
        <foldable foldAnimTime="0.000000" isAllowed="true"/>
        <fillUnit>
            <unit index="1" fillType="UNKNOWN" fillLevel="0.000000"/>
            <unit index="2" fillType="UNKNOWN" fillLevel="0.000000"/>
        </fillUnit>
        <dischargeable isAllowed="true"/>
    </vehicle>
    <vehicle modName="FS25_Tim_Thyregod_GVS40" filename="$moddir$FS25_Tim_Thyregod_GVS40/VeenhuisW400.xml" uniqueId="vehicle606fb11a106d0f6ec23fc347553678ab" age="7.000000" price="47500.000000" farmId="1" propertyState="OWNED" operatingTime="4907.483398" selectedObjectIndex="1" subSelectedObjectIndex="1">
        <component index="1" position="-294.621 9.192 -685.553" rotation="-178.13 -6.06 -180.00"/>
        <configuration name="fillUnit" id="1" isActive="true"/>
        <configuration name="fillVolume" id="1" isActive="true"/>
        <configuration name="vehicleType" id="1" isActive="true"/>
        <configuration name="trailer" id="1" isActive="true"/>
        <configuration name="wheel" id="1" isActive="false"/>
        <configuration name="wheel" id="2" isActive="true"/>
        <washable>
            <dirtNode amount="0.113912" wetness="0.000000"/>
            <dirtNode amount="0.008990" wetness="0.000000" snowScale="0.000000"/>
            <dirtNode amount="0.000000" wetness="0.000000"/>
            <dirtNode amount="0.008990" wetness="0.000000" snowScale="0.000000"/>
            <dirtNode amount="0.000000" wetness="0.000000"/>
            <dirtNode amount="0.008990" wetness="0.000000" snowScale="0.000000"/>
            <dirtNode amount="0.000000" wetness="0.000000"/>
            <dirtNode amount="0.008990" wetness="0.000000" snowScale="0.000000"/>
            <dirtNode amount="0.000000" wetness="0.000000"/>
        </washable>
        <wearable damage="0.020889">
            <wearNode amount="0.035057"/>
        </wearable>
        <wheels lastConfigId="2"/>
        <attachable isDetachingBlocked="false"/>
        <attacherJoints comboDirection="-1"/>
        <fillUnit>
            <unit index="1" fillType="UNKNOWN" fillLevel="0.000000"/>
        </fillUnit>
        <dischargeable isAllowed="true"/>
        <trailer doorState="false" tipAnimationTime="0.000000" tipState="0"/>
    </vehicle>
    <vehicle modName="FS25_Tim_Thyregod_GVS40" filename="$moddir$FS25_Tim_Thyregod_GVS40/VeenhuisW400.xml" uniqueId="vehicleb563012e0526cc38a424efb995ea2303" age="7.000000" price="47500.000000" farmId="1" propertyState="OWNED" operatingTime="17453.833984" selectedObjectIndex="1" subSelectedObjectIndex="1">
        <component index="1" position="-297.590 9.192 -685.150" rotation="-178.13 -8.05 -179.99"/>
        <configuration name="fillUnit" id="1" isActive="true"/>
        <configuration name="fillVolume" id="1" isActive="true"/>
        <configuration name="vehicleType" id="1" isActive="true"/>
        <configuration name="trailer" id="1" isActive="true"/>
        <configuration name="wheel" id="1" isActive="false"/>
        <configuration name="wheel" id="2" isActive="true"/>
        <washable>
            <dirtNode amount="0.472867" wetness="0.000000"/>
            <dirtNode amount="0.346393" wetness="0.000000" snowScale="0.000000"/>
            <dirtNode amount="0.000000" wetness="0.000000"/>
            <dirtNode amount="0.345670" wetness="0.000000" snowScale="0.000000"/>
            <dirtNode amount="0.000000" wetness="0.000000"/>
            <dirtNode amount="0.347827" wetness="0.000000" snowScale="0.000000"/>
            <dirtNode amount="0.000000" wetness="0.000000"/>
            <dirtNode amount="0.344588" wetness="0.000000" snowScale="0.000000"/>
            <dirtNode amount="0.000000" wetness="0.000000"/>
        </washable>
        <wearable damage="0.093270">
            <wearNode amount="0.183678"/>
        </wearable>
        <wheels lastConfigId="2"/>
        <attachable isDetachingBlocked="false"/>
        <attacherJoints comboDirection="-1"/>
        <fillUnit>
            <unit index="1" fillType="UNKNOWN" fillLevel="0.000000"/>
        </fillUnit>
        <dischargeable isAllowed="true"/>
        <trailer doorState="false" tipAnimationTime="0.000000" tipState="0"/>
    </vehicle>
    <vehicle modName="FS25_Massey_Ferguson_8480_Overmojbeak" filename="$moddir$FS25_Massey_Ferguson_8480_Overmojbeak/mf8480.xml" uniqueId="vehicle0ffe01273165ac3a1ff362fe23e88139" age="7.000000" price="156000.000000" farmId="1" propertyState="OWNED" operatingTime="41410.820312" selectedObjectIndex="3" subSelectedObjectIndex="1">
        <component index="1" position="-1620.750 12.519 -709.219" rotation="-0.54 -0.14 1.08"/>
        <component index="2" position="-1620.770 13.334 -707.592" rotation="-0.53 -0.15 0.92"/>
        <configuration name="fillUnit" id="1" isActive="true"/>
        <configuration name="frontloader" id="1" isActive="true"/>
        <configuration name="attacherJoint" id="1" isActive="false"/>
        <configuration name="attacherJoint" id="5" isActive="true"/>
        <configuration name="motor" id="1" isActive="true"/>
        <configuration name="wheel" id="TRELLEBORG_DEFAULT" isActive="false"/>
        <configuration name="wheel" id="TRELLEBORG_BROAD2" isActive="true"/>
        <washable>
            <dirtNode amount="1.000000" wetness="0.623834"/>
            <dirtNode amount="1.000000" wetness="0.000000" snowScale="0.000000"/>
            <dirtNode amount="0.499128" wetness="0.000000"/>
            <dirtNode amount="1.000000" wetness="0.000000" snowScale="0.000000"/>
            <dirtNode amount="0.499736" wetness="0.000000"/>
            <dirtNode amount="1.000000" wetness="0.000000" snowScale="0.000000"/>
            <dirtNode amount="0.499298" wetness="0.000000"/>
            <dirtNode amount="1.000000" wetness="0.000000" snowScale="0.000000"/>
            <dirtNode amount="0.499735" wetness="0.000000"/>
        </washable>
        <wearable damage="0.347054">
            <wearNode amount="0.411853"/>
        </wearable>
        <wheels lastConfigId="TRELLEBORG_BROAD2"/>
        <enterable activeCameraIndex="1" isTabbable="true" isLeavingAllowed="true">
            <camera rotation="-28.62 -2702.78 0.00" translation="0.000 0.000 25.600" zoom="25.600000" fovY="54.432205"/>
            <camera rotation="-13.52 91.17 0.00" translation="0.040 0.880 0.000" zoom="0.880919" fovY="55.000000"/>
        </enterable>
        <fillUnit>
            <unit index="1" fillType="DIESEL" fillLevel="323.991791"/>
            <unit index="2" fillType="AIR" fillLevel="3469.552490"/>
        </fillUnit>
        <drivable cruiseControl="40" cruiseControlReverse="22" odometerMilage="210.459641"/>
        <aiFieldWorker isActive="false"/>
        <aiJobVehicle isAIStartAllowed="true"/>
        <aiAutomaticSteering courseWasActive="true" isOnField="true">
            <steeringFieldCourse>
                <field>
                    <boundary positions="-1639.25 -743.75 -1540.25 -974.25 -1577.75 -988.25 -1500.75 -1085.75 -1482.25 -1100.25 -1477.25 -1105.25 -1451.25 -1138.25 -1374.25 -1252.75 -1366.75 -1253.25 -1366.75 -948.25 -1332.75 -948.25 -1332.75 -686.75 -1437.75 -686.75 -1456.75 -692.75 -1660.25 -692.75 -1639.25 -743.75"/>
                </field>
                <fieldCourseSettings implementWidth="12.000000" numHeadlands="2" headlandsFirst="false" skipNumLines="0" workHeadlands="true" workDirection="0.000000" workInitialSegment="false" minTurnRadius="8.000000" initialTurnRadiusFactor="1.000000" canTurnBackward="true" allowStraightReversing="true" isVineyardTool="false" isVineyardRowTool="false" headlandTailAvoidance="false" rowSpacing="0.000000" rowSnapAngle="0.000000" rowOffset="0.000000" cornerCutOutSupported="false" toolFrontOffset="0.000000" toolBackOffset="0.000000" hasStaticTools="false" toolFullOverlap="false" toolFullOverlapInside="false" segmentExtendedToBoundary="false" segmentHeadlandReverseLines="false" sideOffset="0.000000" variableSideOffset="false" sideOffsetHeadlandAlternate="false" headlandForcedDirection="0.000000" segmentSplitAngle="25.000000" segmentSplitDistance="10.000000" segmentValidityCheckOffset="0.000000" toolAlwaysActive="false" toolStraighteningSegmentLength="2.000000" toolStraighteningAlwaysActive="false" agentFrontOffset="4.000000" agentBackOffset="4.000000" agentHeight="4.000000"/>
                <workedLines indices="19 20 21 24 25"/>
            </steeringFieldCourse>
        </aiAutomaticSteering>
        <aiModeSelection currentMode="STEERING_ASSIST">
            <settings>
                <worker implementWidth="120.000000" numHeadlands="2" workDirection="0" workHeadlands="true" headlandFirst="false" skipNumLines="0"/>
                <steering_assist implementWidth="120.000000" numHeadlands="2" workDirection="0" sideOffset="0.000000" showLines="true" cruiseControl="false"/>
            </settings>
        </aiModeSelection>
        <attacherJoints comboDirection="-1">
            <attachedImplement jointIndex="5" moveDown="false" attachedVehicleUniqueId="vehicle1714a8ea9b437052b38179f9fef41814" inputJointIndex="1"/>
            <attachedImplement jointIndex="3" moveDown="false" attachedVehicleUniqueId="vehicle5f9c66b9c0bc111f4a21d5d221cb3428" inputJointIndex="1"/>
        </attacherJoints>
    </vehicle>
    <vehicle modName="FS25_MasseyFerguson_8700S" filename="$moddir$FS25_MasseyFerguson_8700S/series8700S.xml" uniqueId="vehicle2436a32af1868fcf29cf4e949204f798" age="7.000000" price="319000.000000" farmId="1" propertyState="OWNED" operatingTime="23679.923828" selectedObjectIndex="4" subSelectedObjectIndex="1">
        <component index="1" position="-314.542 8.494 -788.837" rotation="175.97 -50.49 -174.79"/>
        <component index="2" position="-315.716 9.336 -789.738" rotation="175.62 -50.47 -174.33"/>
        <configuration name="folding" id="1" isActive="true"/>
        <configuration name="designColor" id="1" isActive="true"/>
        <configuration name="design" id="1" isActive="false"/>
        <configuration name="design" id="2" isActive="true"/>
        <configuration name="fillUnit" id="1" isActive="true"/>
        <configuration name="wheel" id="DEFAULT_TRELLEBORG_TM1000" isActive="false"/>
        <configuration name="wheel" id="BROAD_WEIGHTS_TRELLEBORG_TM1000" isActive="true"/>
        <configuration name="rimColor" id="1" isActive="true"/>
        <configuration name="motor" id="1" isActive="false"/>
        <configuration name="motor" id="6" isActive="true"/>
        <configuration name="baseColor" id="1" isActive="true"/>
        <washable>
            <dirtNode amount="1.000000" wetness="0.720174"/>
            <dirtNode amount="0.443683" wetness="0.000000" snowScale="0.000000"/>
            <dirtNode amount="0.000000" wetness="0.000000"/>
            <dirtNode amount="0.444241" wetness="0.000000" snowScale="0.000000"/>
            <dirtNode amount="0.000000" wetness="0.000000"/>
            <dirtNode amount="0.442402" wetness="0.000000" snowScale="0.000000"/>
            <dirtNode amount="0.000000" wetness="0.000000"/>
            <dirtNode amount="0.443466" wetness="0.000000" snowScale="0.000000"/>
            <dirtNode amount="0.000000" wetness="0.000000"/>
        </washable>
        <wearable damage="0.171149">
            <wearNode amount="0.216379"/>
        </wearable>
        <licensePlates variation="1" characters="NFY520___" colorIndex="2" placementIndex="1"/>
        <cylindered>
            <movingTool animationTime="0.000000"/>
            <movingTool animationTime="0.040109"/>
        </cylindered>
        <wheels lastConfigId="BROAD_WEIGHTS_TRELLEBORG_TM1000"/>
        <enterable activeCameraIndex="1" isTabbable="true" isLeavingAllowed="true">
            <camera rotation="-31.54 -10949.32 0.00" translation="0.000 0.000 18.400" zoom="18.400000" fovY="54.432205"/>
            <camera rotation="-13.35 -535.28 0.00" translation="0.000 1.222 -0.097" zoom="1.225615" fovY="60.000000"/>
        </enterable>
        <fillUnit>
            <unit index="1" fillType="DIESEL" fillLevel="279.893127"/>
            <unit index="2" fillType="DEF" fillLevel="57.999969"/>
            <unit index="3" fillType="AIR" fillLevel="2117.647705"/>
        </fillUnit>
        <drivable cruiseControl="58" cruiseControlReverse="22" odometerMilage="152.732513"/>
        <aiFieldWorker isActive="false"/>
        <aiJobVehicle isAIStartAllowed="true"/>
        <aiAutomaticSteering courseWasActive="false" isOnField="false">
            <lastActiveSteeringFieldCourse>
                <field>
                    <boundary positions="-541.25 -492.75 -517.25 -491.75 -509.75 -485.25 -502.75 -482.25 -400.25 -481.75 -400.25 -213.25 -438.25 -212.75 -540.75 -176.25 -541.25 -492.75"/>
                </field>
                <fieldCourseSettings implementWidth="36.000000" numHeadlands="1" headlandsFirst="false" skipNumLines="0" workHeadlands="true" workDirection="-0.994838" workInitialSegment="false" minTurnRadius="10.000000" initialTurnRadiusFactor="1.000000" canTurnBackward="false" allowStraightReversing="true" isVineyardTool="false" isVineyardRowTool="false" headlandTailAvoidance="false" rowSpacing="0.000000" rowSnapAngle="0.000000" rowOffset="0.000000" cornerCutOutSupported="false" toolFrontOffset="-12.087414" toolBackOffset="-12.587416" hasStaticTools="true" toolFullOverlap="false" toolFullOverlapInside="false" segmentExtendedToBoundary="false" segmentHeadlandReverseLines="false" sideOffset="0.000000" variableSideOffset="false" sideOffsetHeadlandAlternate="false" headlandForcedDirection="1.000000" segmentSplitAngle="25.000000" segmentSplitDistance="10.000000" segmentValidityCheckOffset="0.000000" toolAlwaysActive="false" toolStraighteningSegmentLength="25.174831" toolStraighteningAlwaysActive="false" agentFrontOffset="4.268000" agentBackOffset="1.252000" agentHeight="3.520000"/>
                <workedLines indices="1 2 5"/>
            </lastActiveSteeringFieldCourse>
        </aiAutomaticSteering>
        <aiModeSelection currentMode="STEERING_ASSIST">
            <settings>
                <worker implementWidth="360.000000" numHeadlands="1" workDirection="-57" workHeadlands="true" headlandFirst="false" skipNumLines="0"/>
                <steering_assist implementWidth="360.000000" numHeadlands="1" workDirection="-57" sideOffset="0.000000" showLines="true" cruiseControl="false"/>
            </settings>
        </aiModeSelection>
        <attacherJoints comboDirection="-1">
            <attachedImplement jointIndex="2" moveDown="false" attachedVehicleUniqueId="vehicle57c5fb2c9768b5090938f54f6ab31420" inputJointIndex="1"/>
            <attachedImplement jointIndex="4" moveDown="false" attachedVehicleUniqueId="vehicle4bbc44a8f07dc0edf83baee63b086b76" inputJointIndex="1"/>
        </attacherJoints>
    </vehicle>
    <vehicle filename="data/vehicles/agco/weight1100/weight1100.xml" uniqueId="vehicle57c5fb2c9768b5090938f54f6ab31420" age="7.000000" price="1850.000000" farmId="1" propertyState="OWNED" operatingTime="23670.041016">
        <component index="1" position="-317.067 9.057 -790.866" rotation="173.73 -50.49 -174.79"/>
        <configuration name="designColor" id="1" isActive="true"/>
        <washable>
            <dirtNode amount="1.000000" wetness="0.719960"/>
        </washable>
        <wearable damage="0.157759">
            <wearNode amount="0.216340"/>
        </wearable>
        <attachable isDetachingBlocked="false"/>
        <attacherJoints comboDirection="-1"/>
    </vehicle>
    <vehicle filename="data/vehicles/tenwinkel/weight2500/weight2500.xml" uniqueId="vehicle1714a8ea9b437052b38179f9fef41814" age="7.000000" price="4250.000000" farmId="1" propertyState="OWNED" operatingTime="39153.851562">
        <component index="1" position="-1620.775 13.265 -706.251" rotation="-0.05 -0.14 1.08"/>
        <configuration name="designColor" id="SHARED_BLACKONYX" isActive="true"/>
        <washable>
            <dirtNode amount="1.000000" wetness="0.623438"/>
        </washable>
        <wearable damage="0.271962">
            <wearNode amount="0.386901"/>
        </wearable>
        <attachable isDetachingBlocked="false"/>
        <attacherJoints comboDirection="-1"/>
    </vehicle>
    <vehicle filename="data/vehicles/kemper/plus390/plus390.xml" uniqueId="vehicle7e1c0c513fb9c4ecc0cc437f26cbe955" age="23.000000" price="127000.000000" farmId="1" propertyState="OWNED" operatingTime="57257.457031" selectedObjectIndex="1" subSelectedObjectIndex="1">
        <component index="1" position="-409.993 9.899 -722.840" rotation="-168.29 -20.65 -180.00"/>
        <configuration name="inputAttacherJoint" id="1" isActive="false"/>
        <configuration name="inputAttacherJoint" id="2" isActive="true"/>
        <configuration name="folding" id="1" isActive="true"/>
        <washable>
            <dirtNode amount="0.004300" wetness="0.000000"/>
        </washable>
        <wearable damage="0.421846">
            <wearNode amount="0.587263"/>
        </wearable>
        <attachable isDetachingBlocked="false"/>
        <attacherJoints comboDirection="-1"/>
        <foldable foldAnimTime="1.000000" isAllowed="true"/>
        <fruitExtraObjects lastFruitType="MAIZE"/>
        <cutter cutHeight="0.150000"/>
    </vehicle>
    <vehicle filename="data/vehicles/fliegl/asw271/asw271.xml" uniqueId="vehicle58d5e1f39cd044318a5a939cbb8df7ca" age="7.000000" price="52000.000000" farmId="1" propertyState="OWNED" operatingTime="2566.133789" selectedObjectIndex="1" subSelectedObjectIndex="1">
        <component index="1" position="-300.528 9.170 -684.718" rotation="179.69 -9.93 179.96"/>
        <configuration name="inputAttacherJoint" id="1" isActive="true"/>
        <configuration name="ai" id="1" isActive="false"/>
        <configuration name="ai" id="2" isActive="true"/>
        <configuration name="fillUnit" id="1" isActive="true"/>
        <configuration name="fillVolume" id="1" isActive="true"/>
        <configuration name="vehicleType" id="1" isActive="true"/>
        <configuration name="trailer" id="1" isActive="true"/>
        <configuration name="folding" id="1" isActive="true"/>
        <configuration name="wheel" id="DEFAULT_TRELLEBORG_TwinRadial" isActive="true"/>
        <washable>
            <dirtNode amount="0.245856" wetness="0.000000"/>
            <dirtNode amount="0.349987" wetness="0.000000" snowScale="0.000000"/>
            <dirtNode amount="0.000000" wetness="0.000000"/>
            <dirtNode amount="0.349941" wetness="0.000000" snowScale="0.000000"/>
            <dirtNode amount="0.000000" wetness="0.000000"/>
            <dirtNode amount="0.349960" wetness="0.000000" snowScale="0.000000"/>
            <dirtNode amount="0.000000" wetness="0.000000"/>
            <dirtNode amount="0.349921" wetness="0.000000" snowScale="0.000000"/>
            <dirtNode amount="0.000000" wetness="0.000000"/>
        </washable>
        <wearable damage="0.013957">
            <wearNode amount="0.026757"/>
        </wearable>
        <cylindered>
            <movingTool rotation="0.013444"/>
        </cylindered>
        <wheels lastConfigId="DEFAULT_TRELLEBORG_TwinRadial"/>
        <attachable isDetachingBlocked="false"/>
        <attacherJoints comboDirection="-1"/>
        <fillUnit>
            <unit index="1" fillType="UNKNOWN" fillLevel="0.000000"/>
        </fillUnit>
        <dischargeable isAllowed="true"/>
        <trailer tipSideIndex="1" doorState="false" tipAnimationTime="0.000000" tipState="0"/>
    </vehicle>
    <vehicle filename="data/vehicles/tenwinkel/weight1000/weight1000.xml" uniqueId="vehicle3178231e22f25c16e6579c3c48ed998b" age="7.000000" price="1700.000000" farmId="1" propertyState="OWNED" operatingTime="33157.019531">
        <component index="1" position="-436.483 10.691 -671.070" rotation="-2.11 -47.05 -0.01"/>
        <configuration name="designColor" id="SHARED_BLACKONYX" isActive="true"/>
        <washable>
            <dirtNode amount="0.922415" wetness="0.639143"/>
        </washable>
        <wearable damage="0.257230">
            <wearNode amount="0.471212"/>
        </wearable>
        <attachable isDetachingBlocked="false"/>
        <attacherJoints comboDirection="-1"/>
    </vehicle>
    <vehicle filename="data/vehicles/krone/easyFlow300S/easyFlow300S.xml" uniqueId="vehicle59caafbcdaa74480590f849211a68f26" age="7.000000" price="29000.000000" farmId="1" propertyState="OWNED" operatingTime="8474.304688">
        <component index="1" position="-407.135 10.039 -670.112" rotation="-179.93 -36.14 179.97"/>
        <configuration name="folding" id="1" isActive="true"/>
        <configuration name="wheel" id="DEFAULT" isActive="true"/>
        <washable>
            <dirtNode amount="0.002639" wetness="0.000000"/>
            <dirtNode amount="0.002639" wetness="0.000000" snowScale="0.000000"/>
            <dirtNode amount="0.000000" wetness="0.000000"/>
            <dirtNode amount="0.002639" wetness="0.000000" snowScale="0.000000"/>
            <dirtNode amount="0.000000" wetness="0.000000"/>
        </washable>
        <wearable damage="0.050043">
            <wearNode amount="0.200859"/>
        </wearable>
        <wheels lastConfigId="DEFAULT"/>
        <attachable isDetachingBlocked="false"/>
        <attacherJoints comboDirection="-1"/>
        <foldable foldAnimTime="1.000000" isAllowed="true"/>
        <fruitExtraObjects lastFruitType="UNKNOWN"/>
        <cutter cutHeight="0.000000"/>
    </vehicle>
    <vehicle filename="data/vehicles/jcb/wheelLoader435S/wheelLoader435S.xml" uniqueId="vehicle45dc9fca2b3f022937ba34bc45097325" age="7.000000" price="202500.000000" farmId="1" propertyState="OWNED" operatingTime="26367.464844" selectedObjectIndex="2" subSelectedObjectIndex="1">
        <component index="1" position="-401.052 9.995 -669.269" rotation="178.84 -40.17 179.99"/>
        <component index="2" position="-401.052 9.995 -669.269" rotation="178.84 -40.17 179.99"/>
        <component index="3" position="-400.058 10.767 -668.091" rotation="178.83 -40.17 179.99"/>
        <configuration name="fillUnit" id="1" isActive="true"/>
        <configuration name="attacherJoint" id="1" isActive="false"/>
        <configuration name="attacherJoint" id="2" isActive="true"/>
        <configuration name="motor" id="1" isActive="true"/>
        <configuration name="wheel" id="DEFAULT_TRELLEBORG_TM2000" isActive="false"/>
        <configuration name="wheel" id="BROAD_TRELLEBORG_TM900" isActive="true"/>
        <washable>
            <dirtNode amount="0.001887" wetness="0.277910"/>
            <dirtNode amount="0.001887" wetness="0.264889" snowScale="0.000000"/>
            <dirtNode amount="0.000000" wetness="0.264850"/>
            <dirtNode amount="0.001887" wetness="0.264889" snowScale="0.000000"/>
            <dirtNode amount="0.000000" wetness="0.264850"/>
            <dirtNode amount="0.001887" wetness="0.264688" snowScale="0.000000"/>
            <dirtNode amount="0.000000" wetness="0.264649"/>
            <dirtNode amount="0.001887" wetness="0.264688" snowScale="0.000000"/>
            <dirtNode amount="0.000000" wetness="0.264649"/>
        </washable>
        <wearable damage="0.193083">
            <wearNode amount="0.285492"/>
        </wearable>
        <cylindered>
            <movingTool rotation="0.227184"/>
            <movingTool rotation="6.458615"/>
        </cylindered>
        <wheels lastConfigId="BROAD_TRELLEBORG_TM900"/>
        <enterable activeCameraIndex="1" isTabbable="true" isLeavingAllowed="true">
            <camera rotation="-20.54 -24830.52 0.00" translation="0.000 0.000 7.848" zoom="7.847930" fovY="54.432205"/>
            <camera rotation="-26.06 180.74 0.00" translation="0.000 3.050 -0.760" zoom="3.143273" fovY="60.000000"/>
        </enterable>
        <fillUnit>
            <unit index="1" fillType="DIESEL" fillLevel="357.987488"/>
            <unit index="2" fillType="DEF" fillLevel="75.000000"/>
        </fillUnit>
        <drivable cruiseControl="48" cruiseControlReverse="36" odometerMilage="60.673801"/>
        <aiFieldWorker isActive="false"/>
        <aiJobVehicle isAIStartAllowed="true"/>
        <aiAutomaticSteering courseWasActive="true" isOnField="false"/>
        <aiModeSelection currentMode="WORKER"/>
        <attacherJoints comboDirection="-1">
            <attachedImplement jointIndex="1" moveDown="false" attachedVehicleUniqueId="vehicle29cff67514d301b48e22eac1afc29994" inputJointIndex="1"/>
        </attacherJoints>
    </vehicle>
    <vehicle modName="FS25_poettingerMowerPack" filename="$moddir$FS25_poettingerMowerPack/novacatA10CrossFlow/novacatA10CrossFlow.xml" uniqueId="vehicle4361adb92745d2edcbb9493108fac974" age="7.000000" price="75000.000000" farmId="1" propertyState="OWNED" operatingTime="8899.612305" selectedObjectIndex="1" subSelectedObjectIndex="1">
        <component index="1" position="-396.984 9.763 -682.630" rotation="2.15 -48.06 0.02"/>
        <component index="2" position="-396.321 10.961 -681.049" rotation="-7.42 -47.76 12.41"/>
        <component index="3" position="-395.562 10.326 -680.231" rotation="1.83 -48.12 0.00"/>
        <component index="4" position="-398.485 10.961 -683.458" rotation="11.00 -47.04 -12.29"/>
        <component index="5" position="-399.215 10.327 -684.301" rotation="1.96 -48.00 0.00"/>
        <configuration name="folding" id="1" isActive="true"/>
        <washable>
            <dirtNode amount="0.275971" wetness="0.000000"/>
        </washable>
        <wearable damage="0.054118">
            <wearNode amount="0.558557"/>
        </wearable>
        <cylindered>
            <movingTool animationTime="0.000000"/>
            <movingTool animationTime="0.000000"/>
        </cylindered>
        <attachable isDetachingBlocked="false"/>
        <attacherJoints comboDirection="-1"/>
        <foldable foldAnimTime="0.000000" isAllowed="true"/>
        <fruitExtraObjects lastFruitType="UNKNOWN"/>
        <workMode state="1"/>
    </vehicle>
    <vehicle modName="FS25_poettingerMowerPack" filename="$moddir$FS25_poettingerMowerPack/novacat301/novacat301.xml" uniqueId="vehicle590bb9351fc826a962e131d9cee9c4fe" age="7.000000" price="13500.000000" farmId="1" propertyState="OWNED" operatingTime="8891.139648" selectedObjectIndex="1" subSelectedObjectIndex="1">
        <component index="1" position="-391.574 9.757 -675.008" rotation="-0.97 90.00 0.00"/>
        <component index="2" position="-391.282 10.528 -675.008" rotation="-9.86 90.00 0.00"/>
        <configuration name="folding" id="1" isActive="true"/>
        <washable>
            <dirtNode amount="0.004577" wetness="0.000000"/>
        </washable>
        <wearable damage="0.054059">
            <wearNode amount="0.332047"/>
        </wearable>
        <attachable lowerAnimTime="0.000000" isDetachingBlocked="false"/>
        <attacherJoints comboDirection="-1"/>
        <foldable foldAnimTime="1.000000" isAllowed="true"/>
        <fruitExtraObjects lastFruitType="UNKNOWN"/>
    </vehicle>
    <vehicle filename="data/vehicles/poettinger/top1403/top1403.xml" uniqueId="vehicleffc6ce0490026be1f7d8573552a10149" age="7.000000" price="94650.000000" farmId="1" propertyState="OWNED" operatingTime="7046.305176" selectedObjectIndex="1" subSelectedObjectIndex="1">
        <component index="1" position="-305.731 9.021 -686.431" rotation="-179.59 -6.51 179.96"/>
        <component index="2" position="-306.298 9.805 -691.406" rotation="-179.59 -6.51 179.96"/>
        <component index="3" position="-306.336 11.107 -687.558" rotation="-173.63 1.39 81.37"/>
        <component index="4" position="-305.354 11.108 -687.414" rotation="173.50 0.52 -81.84"/>
        <component index="5" position="-305.928 11.343 -682.924" rotation="-173.56 1.06 84.24"/>
        <component index="6" position="-304.746 11.342 -683.059" rotation="173.48 0.25 -84.22"/>
        <configuration name="folding" id="1" isActive="true"/>
        <configuration name="design" id="2" isActive="true"/>
        <configuration name="design2" id="2" isActive="true"/>
        <configuration name="design3" id="2" isActive="true"/>
        <configuration name="wheel" id="DEFAULT_VREDESTEIN_flotationPro" isActive="true"/>
        <washable>
            <dirtNode amount="0.002196" wetness="0.000000"/>
            <dirtNode amount="0.002196" wetness="0.000000" snowScale="0.000000"/>
            <dirtNode amount="0.000000" wetness="0.000000"/>
            <dirtNode amount="0.002196" wetness="0.000000" snowScale="0.000000"/>
            <dirtNode amount="0.000000" wetness="0.000000"/>
            <dirtNode amount="0.002196" wetness="0.000000"/>
            <dirtNode amount="0.002196" wetness="0.000000"/>
            <dirtNode amount="0.002196" wetness="0.000000"/>
            <dirtNode amount="0.002196" wetness="0.000000"/>
            <dirtNode amount="0.002196" wetness="0.000000"/>
            <dirtNode amount="0.002196" wetness="0.000000"/>
            <dirtNode amount="0.002196" wetness="0.000000"/>
            <dirtNode amount="0.002196" wetness="0.000000"/>
            <dirtNode amount="0.002196" wetness="0.000000"/>
            <dirtNode amount="0.002196" wetness="0.000000"/>
            <dirtNode amount="0.002196" wetness="0.000000"/>
            <dirtNode amount="0.002196" wetness="0.000000"/>
        </washable>
        <wearable damage="0.044403">
            <wearNode amount="0.288864"/>
        </wearable>
        <cylindered>
            <movingTool animationTime="0.000000"/>
            <movingTool animationTime="0.000000"/>
        </cylindered>
        <wheels lastConfigId="DEFAULT_VREDESTEIN_flotationPro"/>
        <attachable isDetachingBlocked="false"/>
        <attacherJoints comboDirection="-1"/>
        <foldable foldAnimTime="1.000000" isAllowed="true"/>
    </vehicle>
    <vehicle modName="FS25_PG_II_28_Genesis_Overmojbeak" filename="$moddir$FS25_PG_II_28_Genesis_Overmojbeak/pgII28Genesis.xml" uniqueId="vehicle4bbc44a8f07dc0edf83baee63b086b76" age="7.000000" price="35250.000000" farmId="1" propertyState="OWNED" operatingTime="19693.812500">
        <component index="1" position="-309.210 8.460 -783.022" rotation="179.39 -39.22 -179.72"/>
        <configuration name="cylindered" id="1" isActive="true"/>
        <configuration name="fillUnit" id="1" isActive="true"/>
        <configuration name="design" id="1" isActive="false"/>
        <configuration name="design" id="2" isActive="true"/>
        <configuration name="wheel" id="DEFAULT_TRELLEBORG_TwinRadial" isActive="false"/>
        <configuration name="wheel" id="BROAD_TRELLEBORG_TwinRadial" isActive="true"/>
        <washable>
            <dirtNode amount="1.000000" wetness="0.720277"/>
            <dirtNode amount="0.447805" wetness="0.000000" snowScale="0.000000"/>
            <dirtNode amount="0.000000" wetness="0.000000"/>
            <dirtNode amount="0.447361" wetness="0.000000" snowScale="0.000000"/>
            <dirtNode amount="0.000000" wetness="0.000000"/>
            <dirtNode amount="0.444217" wetness="0.000000" snowScale="0.000000"/>
            <dirtNode amount="0.000000" wetness="0.000000"/>
            <dirtNode amount="0.444128" wetness="0.000000" snowScale="0.000000"/>
            <dirtNode amount="0.000000" wetness="0.000000"/>
            <dirtNode amount="0.444092" wetness="0.000000" snowScale="0.000000"/>
            <dirtNode amount="0.000000" wetness="0.000000"/>
            <dirtNode amount="0.443286" wetness="0.000000" snowScale="0.000000"/>
            <dirtNode amount="0.000000" wetness="0.000000"/>
        </washable>
        <wearable damage="0.128885">
            <wearNode amount="0.197611"/>
        </wearable>
        <cylindered>
            <movingTool rotation="-0.305612"/>
            <movingTool rotation="0.722673"/>
            <movingTool rotation="0.000000"/>
            <movingTool rotation="0.000000"/>
            <movingTool translation="-0.001440"/>
            <movingTool translation="-0.001440"/>
        </cylindered>
        <wheels lastConfigId="BROAD_TRELLEBORG_TwinRadial"/>
        <attachable isDetachingBlocked="false"/>
        <attacherJoints comboDirection="-1">
            <attachedImplement jointIndex="1" moveDown="false" attachedVehicleUniqueId="vehicle2ed140ad165fac963b3f80ecd2300c74" inputJointIndex="1"/>
        </attacherJoints>
        <fillUnit>
            <unit index="1" fillType="UNKNOWN" fillLevel="0.000000"/>
        </fillUnit>
        <dischargeable isAllowed="true"/>
        <FS25_precisionFarming>
            <extendedSprayer sprayAmountAutoMode="true" sprayAmountManual="1"/>
        </FS25_precisionFarming>
    </vehicle>
    <vehicle filename="data/vehicles/samsonAgro/sbh4_36/sbh4_36.xml" uniqueId="vehicle2ed140ad165fac963b3f80ecd2300c74" age="7.000000" price="125000.000000" farmId="1" propertyState="OWNED" operatingTime="19663.332031">
        <component index="1" position="-305.659 8.605 -778.670" rotation="179.22 -39.22 -179.72"/>
        <configuration name="fillUnit" id="1" isActive="true"/>
        <configuration name="folding" id="1" isActive="true"/>
        <washable>
            <dirtNode amount="1.000000" wetness="0.720514"/>
        </washable>
        <wearable damage="0.128636">
            <wearNode amount="0.361623"/>
        </wearable>
        <attachable isDetachingBlocked="false"/>
        <attacherJoints comboDirection="-1"/>
        <foldable foldAnimTime="0.000000" isAllowed="true"/>
        <fillUnit>
            <unit index="1" fillType="UNKNOWN" fillLevel="0.000000"/>
        </fillUnit>
        <dischargeable isAllowed="true"/>
        <FS25_precisionFarming>
            <extendedSprayer sprayAmountAutoMode="false" sprayAmountManual="30"/>
        </FS25_precisionFarming>
    </vehicle>
    <vehicle filename="data/vehicles/zunhammer/vibro/vibro.xml" uniqueId="vehicleff220e81a912bd46534f9253e362755c" age="7.000000" price="25000.000000" farmId="1" propertyState="OWNED" operatingTime="144.941177" selectedObjectIndex="1" subSelectedObjectIndex="1">
        <component index="1" position="-407.992 10.000 -711.501" rotation="-180.00 70.56 -180.00"/>
        <configuration name="folding" id="1" isActive="true"/>
        <configuration name="fillUnit" id="1" isActive="true"/>
        <configuration name="wheel" id="DEFAULT" isActive="true"/>
        <washable>
            <dirtNode amount="0.013914" wetness="0.000000"/>
            <dirtNode amount="0.013914" wetness="0.000000" snowScale="0.000000"/>
            <dirtNode amount="0.000000" wetness="0.000000"/>
            <dirtNode amount="0.013914" wetness="0.000000" snowScale="0.000000"/>
            <dirtNode amount="0.000000" wetness="0.000000"/>
        </washable>
        <wearable damage="0.000883">
            <wearNode amount="0.001802"/>
        </wearable>
        <wheels lastConfigId="DEFAULT"/>
        <attachable isDetachingBlocked="false"/>
        <attacherJoints comboDirection="-1"/>
        <foldable foldAnimTime="1.000000" isAllowed="true"/>
        <fillUnit>
            <unit index="1" fillType="UNKNOWN" fillLevel="0.000000"/>
        </fillUnit>
        <FS25_precisionFarming>
            <extendedSprayer sprayAmountAutoMode="true" sprayAmountManual="1"/>
        </FS25_precisionFarming>
    </vehicle>
    <vehicle filename="data/vehicles/kverneland/optimaRS9m/optimaRS9m.xml" uniqueId="vehicle621592df9924531ca5c8c14ec6d89f2a" age="7.000000" price="89500.000000" farmId="1" propertyState="OWNED" operatingTime="308.954437">
        <component index="1" position="-427.797 10.266 -678.983" rotation="-174.22 -42.15 -179.84"/>
        <component index="2" position="-432.326 10.657 -674.951" rotation="176.46 -41.72 -171.11"/>
        <configuration name="folding" id="1" isActive="true"/>
        <configuration name="fillVolume" id="1" isActive="true"/>
        <configuration name="cover" id="1" isActive="true"/>
        <configuration name="fillUnit" id="1" isActive="true"/>
        <configuration name="wheel" id="TRELLEBORG_DEFAULT" isActive="true"/>
        <washable>
            <dirtNode amount="0.025507" wetness="0.335276"/>
            <dirtNode amount="0.021105" wetness="0.333794" snowScale="0.000000"/>
            <dirtNode amount="0.000000" wetness="0.333482"/>
            <dirtNode amount="0.021105" wetness="0.333794" snowScale="0.000000"/>
            <dirtNode amount="0.000000" wetness="0.333482"/>
            <dirtNode amount="0.021105" wetness="0.333794" snowScale="0.000000"/>
            <dirtNode amount="0.000000" wetness="0.333482"/>
            <dirtNode amount="0.021105" wetness="0.333794" snowScale="0.000000"/>
            <dirtNode amount="0.000000" wetness="0.333482"/>
            <dirtNode amount="0.021105" wetness="0.328952" snowScale="0.000000"/>
            <dirtNode amount="0.000000" wetness="0.328640"/>
            <dirtNode amount="0.021105" wetness="0.328952" snowScale="0.000000"/>
            <dirtNode amount="0.000000" wetness="0.328640"/>
        </washable>
        <wearable damage="0.001487">
            <wearNode amount="0.001979"/>
        </wearable>
        <wheels lastConfigId="TRELLEBORG_DEFAULT"/>
        <attachable isDetachingBlocked="false"/>
        <attacherJoints comboDirection="-1"/>
        <foldable foldAnimTime="1.000000" isAllowed="true"/>
        <fillUnit>
            <unit index="1" fillType="UNKNOWN" fillLevel="0.000000"/>
            <unit index="2" fillType="UNKNOWN" fillLevel="0.000000"/>
        </fillUnit>
        <cover state="0"/>
        <ridgeMarker state="0"/>
        <sowingMachine selectedSeedFruitType="MAIZE" allowsSeedChanging="true"/>
        <FS25_precisionFarming>
            <extendedSprayer sprayAmountAutoMode="true" sprayAmountManual="1"/>
        </FS25_precisionFarming>
    </vehicle>
    <vehicle modName="FS25_MFseries7720S_overmojbeak" filename="$moddir$FS25_MFseries7720S_overmojbeak/series7720S.xml" uniqueId="vehicle437009e9f3ceb91107b408b5b23d5fbb" age="7.000000" price="83000.000000" farmId="1" propertyState="OWNED" operatingTime="32910.000000" selectedObjectIndex="3" subSelectedObjectIndex="1">
        <component index="1" position="-434.305 9.958 -673.097" rotation="-1.01 -47.05 -0.01"/>
        <component index="2" position="-435.357 10.802 -672.118" rotation="-0.98 -47.05 -0.02"/>
        <configuration name="fillUnit" id="1" isActive="true"/>
        <configuration name="frontloader" id="1" isActive="true"/>
        <configuration name="motor" id="1" isActive="true"/>
        <configuration name="wheel" id="TRELLEBORG_DEFAULT" isActive="false"/>
        <configuration name="wheel" id="TRELLEBORG_BROAD2" isActive="true"/>
        <washable>
            <dirtNode amount="0.016644" wetness="0.332079"/>
            <dirtNode amount="0.009654" wetness="0.326027" snowScale="0.000000"/>
            <dirtNode amount="0.000000" wetness="0.325884"/>
            <dirtNode amount="0.009654" wetness="0.326027" snowScale="0.000000"/>
            <dirtNode amount="0.000000" wetness="0.325884"/>
            <dirtNode amount="0.009654" wetness="0.326027" snowScale="0.000000"/>
            <dirtNode amount="0.000000" wetness="0.325884"/>
            <dirtNode amount="0.009654" wetness="0.326027" snowScale="0.000000"/>
            <dirtNode amount="0.000000" wetness="0.325884"/>
        </washable>
        <wearable damage="0.262232">
            <wearNode amount="0.471420"/>
        </wearable>
        <wheels lastConfigId="TRELLEBORG_BROAD2"/>
        <enterable activeCameraIndex="1" isTabbable="true" isLeavingAllowed="true">
            <camera rotation="-18.85 -3745.44 0.00" translation="0.000 0.000 16.600" zoom="16.599987" fovY="54.432205"/>
            <camera rotation="-18.00 180.00 0.00" translation="-0.000 2.837 -0.992" zoom="3.004922" fovY="60.000000"/>
        </enterable>
        <fillUnit>
            <unit index="1" fillType="DIESEL" fillLevel="1355.962158"/>
            <unit index="2" fillType="DEF" fillLevel="45.000000"/>
            <unit index="3" fillType="AIR" fillLevel="1587.868530"/>
        </fillUnit>
        <drivable cruiseControl="65" cruiseControlReverse="12" odometerMilage="150.038712"/>
        <aiFieldWorker isActive="false"/>
        <aiJobVehicle isAIStartAllowed="true">
            <lastJob type="FIELDWORK">
                <parameter name="vehicle"/>
                <parameter name="positionAngle" x="743.643433" z="34.261646" angle="4.712389"/>
            </lastJob>
        </aiJobVehicle>
        <aiAutomaticSteering courseWasActive="true" isOnField="true"/>
        <aiModeSelection currentMode="WORKER"/>
        <attacherJoints comboDirection="-1">
            <attachedImplement jointIndex="2" moveDown="false" attachedVehicleUniqueId="vehicle3178231e22f25c16e6579c3c48ed998b" inputJointIndex="1"/>
            <attachedImplement jointIndex="1" moveDown="false" attachedVehicleUniqueId="vehicle621592df9924531ca5c8c14ec6d89f2a" inputJointIndex="2"/>
        </attacherJoints>
    </vehicle>
    <vehicle filename="data/vehicles/kaercher/hds9184M/hds9184M.xml" uniqueId="vehicle5bef375bd10a1f1f322baa2d7b28e113" age="7.000000" price="4300.000000" farmId="1" propertyState="OWNED" operatingTime="42.201317" selectedObjectIndex="1" subSelectedObjectIndex="1">
        <component index="1" position="-351.050 8.985 -717.902" rotation="-0.20 -31.99 -0.02"/>
        <configuration name="motor" id="1" isActive="true"/>
        <configuration name="wheel" id="TRELLEBORG_DEFAULT" isActive="true"/>
        <washable>
            <dirtNode amount="0.000270" wetness="0.535813"/>
        </washable>
        <wearable damage="0.000194">
            <wearNode amount="0.000180"/>
        </wearable>
        <handToolHolders>
            <handToolHolder index="1" uniqueId="f5645f175b675235d2bd0c25789cabb6"/>
        </handToolHolders>
        <wheels lastConfigId="TRELLEBORG_DEFAULT"/>
        <enterable activeCameraIndex="1" isTabbable="false" isLeavingAllowed="true">
            <camera rotation="-22.03 177.77 0.00" translation="0.000 0.000 2.247" zoom="2.247158" fovY="54.432205"/>
            <camera rotation="-18.00 180.00 0.00" translation="0.000 1.650 -1.300" zoom="2.100605" fovY="60.000000"/>
        </enterable>
        <drivable cruiseControl="7" cruiseControlReverse="5" odometerMilage="0.024106"/>
        <aiFieldWorker isActive="false"/>
        <aiJobVehicle isAIStartAllowed="true"/>
        <aiAutomaticSteering courseWasActive="true" isOnField="false"/>
        <aiModeSelection currentMode="WORKER"/>
        <attacherJoints comboDirection="-1"/>
    </vehicle>
    <vehicle modName="FS25_Snitter_Overmojbeak" filename="$moddir$FS25_Snitter_Overmojbeak/bigX1180.xml" uniqueId="vehiclebd125003580dedd77ade6c3c86201a5a" age="7.000000" price="33500.000000" farmId="1" propertyState="OWNED" operatingTime="15219.592773" selectedObjectIndex="3" subSelectedObjectIndex="1">
        <component index="1" position="-405.063 10.228 -667.230" rotation="-179.50 -36.07 179.97"/>
        <configuration name="fillUnit" id="1" isActive="true"/>
        <configuration name="pipe" id="1" isActive="false"/>
        <configuration name="pipe" id="2" isActive="true"/>
        <configuration name="pipe" id="4" isActive="false"/>
        <configuration name="manualDischarge" id="1" isActive="true"/>
        <configuration name="folding" id="1" isActive="true"/>
        <configuration name="folding" id="2" isActive="false"/>
        <configuration name="motor" id="1" isActive="true"/>
        <configuration name="wheel" id="DEFAULT_TRELLEBORG_TM900" isActive="false"/>
        <configuration name="wheel" id="BROAD_TRELLEBORG_TM900" isActive="true"/>
        <washable>
            <dirtNode amount="0.150452" wetness="0.000000"/>
            <dirtNode amount="0.025097" wetness="0.000000" snowScale="0.000000"/>
            <dirtNode amount="0.000000" wetness="0.000000"/>
            <dirtNode amount="0.025344" wetness="0.000000" snowScale="0.000000"/>
            <dirtNode amount="0.000000" wetness="0.000000"/>
            <dirtNode amount="0.025178" wetness="0.000000" snowScale="0.000000"/>
            <dirtNode amount="0.000000" wetness="0.000000"/>
            <dirtNode amount="0.024983" wetness="0.000000" snowScale="0.000000"/>
            <dirtNode amount="0.000000" wetness="0.000000"/>
        </washable>
        <wearable damage="0.103539">
            <wearNode amount="0.556652"/>
        </wearable>
        <licensePlates variation="1" characters="NFY520___" colorIndex="2" placementIndex="1"/>
        <cylindered>
            <movingTool translation="2.000000"/>
            <movingTool rotation="0.000000"/>
            <movingTool rotation="6.000000"/>
            <movingTool rotation="0.000000"/>
            <movingTool rotation="150.903000"/>
        </cylindered>
        <wheels lastConfigId="BROAD_TRELLEBORG_TM900"/>
        <enterable activeCameraIndex="1" isTabbable="true" isLeavingAllowed="true">
            <camera rotation="-8.73 -6825.22 0.00" translation="0.000 0.000 7.200" zoom="7.200000" fovY="54.432205"/>
            <camera rotation="-2.38 -106.55 -180.00" translation="0.000 4.000 1.750" zoom="4.366072" fovY="75.000008"/>
        </enterable>
        <fillUnit>
            <unit index="1" fillType="UNKNOWN" fillLevel="0.000000"/>
            <unit index="2" fillType="DIESEL" fillLevel="1561.895996"/>
            <unit index="3" fillType="DEF" fillLevel="150.000000"/>
            <unit index="4" fillType="UNKNOWN" fillLevel="0.000000"/>
        </fillUnit>
        <drivable cruiseControl="41" cruiseControlReverse="20" odometerMilage="47.998314"/>
        <aiFieldWorker isActive="false"/>
        <aiJobVehicle isAIStartAllowed="true"/>
        <aiAutomaticSteering courseWasActive="true" isOnField="false"/>
        <aiModeSelection currentMode="STEERING_ASSIST"/>
        <attacherJoints comboDirection="-1">
            <attachedImplement jointIndex="2" moveDown="false" attachedVehicleUniqueId="vehicle3b0b6f392d2319680bc927d59103adf4" inputJointIndex="1"/>
            <attachedImplement jointIndex="1" moveDown="true" attachedVehicleUniqueId="vehicle59caafbcdaa74480590f849211a68f26" inputJointIndex="1"/>
        </attacherJoints>
        <dischargeable isAllowed="true"/>
        <foldable foldAnimTime="0.000000" isAllowed="true"/>
        <combine workedHectars="6.901050" numAttachedCutters="1"/>
        <pipe state="1" isStateChangeAllowed="true"/>
    </vehicle>
    <vehicle filename="data/vehicles/hawe/dst16/dst16.xml" uniqueId="vehicle5f9c66b9c0bc111f4a21d5d221cb3428" age="6.000000" price="67000.000000" farmId="1" propertyState="OWNED" operatingTime="27746.599609">
        <component index="1" position="-1620.742 12.742 -716.578" rotation="1.36 -0.02 1.54"/>
        <configuration name="folding" id="1" isActive="true"/>
        <configuration name="fillVolume" id="1" isActive="true"/>
        <configuration name="fillUnit" id="1" isActive="true"/>
        <configuration name="wheel" id="DEFAULT_TRELLEBORG_TwinRadial" isActive="true"/>
        <washable>
            <dirtNode amount="1.000000" wetness="0.624811"/>
            <dirtNode amount="1.000000" wetness="0.000000" snowScale="0.000000"/>
            <dirtNode amount="0.497537" wetness="0.000000"/>
            <dirtNode amount="1.000000" wetness="0.000000" snowScale="0.000000"/>
            <dirtNode amount="0.497464" wetness="0.000000"/>
            <dirtNode amount="1.000000" wetness="0.000000" snowScale="0.000000"/>
            <dirtNode amount="0.497707" wetness="0.000000"/>
            <dirtNode amount="1.000000" wetness="0.000000" snowScale="0.000000"/>
            <dirtNode amount="0.497555" wetness="0.000000"/>
        </washable>
        <wearable damage="0.172599">
            <wearNode amount="0.475181"/>
        </wearable>
        <wheels lastConfigId="DEFAULT_TRELLEBORG_TwinRadial"/>
        <attachable isDetachingBlocked="false"/>
        <attacherJoints comboDirection="-1"/>
        <foldable foldAnimTime="0.000000" isAllowed="true"/>
        <fillUnit>
            <unit index="1" fillType="MANURE" fillLevel="11229.426758"/>
        </fillUnit>
        <dischargeable isAllowed="true"/>
        <FS25_precisionFarming>
            <extendedSprayer sprayAmountAutoMode="false" sprayAmountManual="35"/>
        </FS25_precisionFarming>
    </vehicle>
    <vehicle filename="data/vehicles/hawe/dst16/dst16.xml" uniqueId="vehiclec56cdf4312cc316e355f8552755dd00e" age="6.000000" price="67000.000000" farmId="1" propertyState="OWNED" operatingTime="25688.275391">
        <component index="1" position="-945.710 14.804 -673.943" rotation="-1.35 89.65 -0.44"/>
        <configuration name="folding" id="1" isActive="true"/>
        <configuration name="fillVolume" id="1" isActive="true"/>
        <configuration name="fillUnit" id="1" isActive="true"/>
        <configuration name="wheel" id="DEFAULT_TRELLEBORG_TwinRadial" isActive="true"/>
        <washable>
            <dirtNode amount="1.000000" wetness="0.674377"/>
            <dirtNode amount="0.873958" wetness="0.000000" snowScale="0.000000"/>
            <dirtNode amount="0.000004" wetness="0.000000"/>
            <dirtNode amount="0.874920" wetness="0.000000" snowScale="0.000000"/>
            <dirtNode amount="0.000000" wetness="0.000000"/>
            <dirtNode amount="0.874187" wetness="0.000000" snowScale="0.000000"/>
            <dirtNode amount="0.000004" wetness="0.000000"/>
            <dirtNode amount="0.874251" wetness="0.000000" snowScale="0.000000"/>
            <dirtNode amount="0.000004" wetness="0.000000"/>
        </washable>
        <wearable damage="0.164281">
            <wearNode amount="0.516626"/>
        </wearable>
        <wheels lastConfigId="DEFAULT_TRELLEBORG_TwinRadial"/>
        <attachable isDetachingBlocked="false"/>
        <attacherJoints comboDirection="-1"/>
        <foldable foldAnimTime="1.000000" isAllowed="true"/>
        <fillUnit>
            <unit index="1" fillType="UNKNOWN" fillLevel="0.000000"/>
        </fillUnit>
        <dischargeable isAllowed="true"/>
        <FS25_precisionFarming>
            <extendedSprayer sprayAmountAutoMode="false" sprayAmountManual="35"/>
        </FS25_precisionFarming>
    </vehicle>
    <vehicle modName="FS25_Massey_Ferguson_Series_MxGs" filename="$moddir$FS25_Massey_Ferguson_Series_MxGs/MF7480.xml" uniqueId="vehicle8c0cb08d599514cc60c6512bc13aec2b" age="6.000000" price="146978.000000" farmId="1" propertyState="OWNED" operatingTime="1231.612183" selectedObjectIndex="1" subSelectedObjectIndex="1">
        <component index="1" position="-415.710 9.970 -655.761" rotation="-179.17 -50.61 179.95"/>
        <component index="2" position="-417.037 10.769 -656.851" rotation="-179.13 -50.61 179.90"/>
        <configuration name="fillUnit" id="1" isActive="true"/>
        <configuration name="frontloader" id="1" isActive="true"/>
        <configuration name="rimColor" id="1" isActive="true"/>
        <configuration name="design7" id="1" isActive="false"/>
        <configuration name="design7" id="2" isActive="true"/>
        <configuration name="motor" id="1" isActive="false"/>
        <configuration name="motor" id="4" isActive="true"/>
        <configuration name="design6" id="1" isActive="false"/>
        <configuration name="design6" id="2" isActive="true"/>
        <configuration name="cropSensor" id="1" isActive="true"/>
        <configuration name="design5" id="1" isActive="true"/>
        <configuration name="design" id="1" isActive="false"/>
        <configuration name="design" id="4" isActive="true"/>
        <configuration name="design2" id="1" isActive="false"/>
        <configuration name="design2" id="2" isActive="true"/>
        <configuration name="design4" id="1" isActive="false"/>
        <configuration name="design4" id="2" isActive="true"/>
        <configuration name="attacherJoint" id="4" isActive="true"/>
        <configuration name="design3" id="1" isActive="false"/>
        <configuration name="design3" id="3" isActive="true"/>
        <configuration name="wheel" id="TRELLEBORG_DEFAULT" isActive="false"/>
        <configuration name="wheel" id="TRELLEBORG_BROAD2" isActive="true"/>
        <washable>
            <dirtNode amount="0.078050" wetness="0.000000"/>
            <dirtNode amount="0.078050" wetness="0.000000" snowScale="0.000000"/>
            <dirtNode amount="0.000000" wetness="0.000000"/>
            <dirtNode amount="0.078050" wetness="0.000000" snowScale="0.000000"/>
            <dirtNode amount="0.000000" wetness="0.000000"/>
            <dirtNode amount="0.078050" wetness="0.000000" snowScale="0.000000"/>
            <dirtNode amount="0.000000" wetness="0.000000"/>
            <dirtNode amount="0.078050" wetness="0.000000" snowScale="0.000000"/>
            <dirtNode amount="0.000000" wetness="0.000000"/>
        </washable>
        <wearable damage="0.007657">
            <wearNode amount="0.008855"/>
        </wearable>
        <wheels lastConfigId="TRELLEBORG_BROAD2"/>
        <enterable activeCameraIndex="1" isTabbable="true" isLeavingAllowed="true">
            <camera rotation="-24.77 -992.91 0.00" translation="0.000 0.000 5.966" zoom="5.966161" fovY="54.432205"/>
            <camera rotation="-24.53 165.96 0.00" translation="0.031 0.490 -0.050" zoom="0.493497" fovY="60.000000"/>
        </enterable>
        <fillUnit>
            <unit index="1" fillType="DIESEL" fillLevel="370.997589"/>
            <unit index="2" fillType="AIR" fillLevel="3363.717529"/>
        </fillUnit>
        <drivable cruiseControl="53" cruiseControlReverse="22" odometerMilage="8.562311"/>
        <aiFieldWorker isActive="false"/>
        <aiJobVehicle isAIStartAllowed="true"/>
        <aiAutomaticSteering courseWasActive="true" isOnField="false"/>
        <aiModeSelection currentMode="WORKER"/>
        <attacherJoints comboDirection="-1"/>
    </vehicle>
    <vehicle modName="FS25_Massey_Ferguson_Series_MxGs" filename="$moddir$FS25_Massey_Ferguson_Series_MxGs/MF8270.xml" uniqueId="vehicleda4b8c812cdc7740318873b4e8272c0c" age="6.000000" price="162568.000000" farmId="1" propertyState="OWNED" operatingTime="28602.341797" selectedObjectIndex="2" subSelectedObjectIndex="1">
        <component index="1" position="-938.393 14.746 -673.896" rotation="-4.09 89.62 -4.80"/>
        <component index="2" position="-936.677 15.544 -673.886" rotation="14.77 89.61 14.06"/>
        <configuration name="fillUnit" id="1" isActive="true"/>
        <configuration name="frontloader" id="1" isActive="true"/>
        <configuration name="rimColor" id="1" isActive="true"/>
        <configuration name="design7" id="1" isActive="true"/>
        <configuration name="motor" id="1" isActive="false"/>
        <configuration name="motor" id="4" isActive="true"/>
        <configuration name="design6" id="1" isActive="false"/>
        <configuration name="design6" id="3" isActive="true"/>
        <configuration name="cropSensor" id="1" isActive="true"/>
        <configuration name="design5" id="1" isActive="true"/>
        <configuration name="design" id="1" isActive="false"/>
        <configuration name="design" id="4" isActive="true"/>
        <configuration name="design2" id="1" isActive="false"/>
        <configuration name="design2" id="2" isActive="true"/>
        <configuration name="design4" id="1" isActive="false"/>
        <configuration name="design4" id="2" isActive="true"/>
        <configuration name="attacherJoint" id="4" isActive="true"/>
        <configuration name="design3" id="1" isActive="false"/>
        <configuration name="design3" id="3" isActive="true"/>
        <configuration name="wheel" id="TRELLEBORG_DEFAULT" isActive="false"/>
        <configuration name="wheel" id="TRELLEBORG_BROAD2" isActive="true"/>
        <washable>
            <dirtNode amount="1.000000" wetness="0.640333"/>
            <dirtNode amount="0.874539" wetness="0.000000" snowScale="0.000000"/>
            <dirtNode amount="0.000000" wetness="0.000000"/>
            <dirtNode amount="0.874205" wetness="0.000000" snowScale="0.000000"/>
            <dirtNode amount="0.000000" wetness="0.000000"/>
            <dirtNode amount="0.874754" wetness="0.000000" snowScale="0.000000"/>
            <dirtNode amount="0.000004" wetness="0.000000"/>
            <dirtNode amount="0.874754" wetness="0.000000" snowScale="0.000000"/>
            <dirtNode amount="0.000000" wetness="0.000000"/>
        </washable>
        <wearable damage="0.219987">
            <wearNode amount="0.280353"/>
        </wearable>
        <wheels lastConfigId="TRELLEBORG_BROAD2"/>
        <enterable activeCameraIndex="1" isTabbable="true" isLeavingAllowed="true">
            <camera rotation="-24.38 -14580.08 0.00" translation="0.000 0.000 25.000" zoom="25.000000" fovY="54.432205"/>
            <camera rotation="-30.09 179.33 0.00" translation="0.031 0.490 -0.050" zoom="0.493497" fovY="60.000000"/>
        </enterable>
        <fillUnit>
            <unit index="1" fillType="DIESEL" fillLevel="66.941147"/>
            <unit index="2" fillType="AIR" fillLevel="5000.000000"/>
        </fillUnit>
        <drivable cruiseControl="53" cruiseControlReverse="22" odometerMilage="204.165573"/>
        <aiFieldWorker isActive="false"/>
        <aiJobVehicle isAIStartAllowed="true"/>
        <aiAutomaticSteering courseWasActive="false" isOnField="false">
            <lastActiveSteeringFieldCourse>
                <field>
                    <boundary positions="-1639.25 -743.75 -1540.25 -974.25 -1577.75 -988.25 -1500.75 -1085.75 -1482.25 -1100.25 -1477.25 -1105.25 -1451.25 -1138.25 -1374.25 -1252.75 -1366.75 -1253.25 -1366.75 -948.25 -1332.75 -948.25 -1332.75 -686.75 -1437.75 -686.75 -1456.75 -692.75 -1660.25 -692.75 -1639.25 -743.75"/>
                </field>
                <fieldCourseSettings implementWidth="12.000000" numHeadlands="2" headlandsFirst="false" skipNumLines="0" workHeadlands="true" workDirection="0.000000" workInitialSegment="false" minTurnRadius="6.575358" initialTurnRadiusFactor="1.000000" canTurnBackward="false" allowStraightReversing="true" isVineyardTool="false" isVineyardRowTool="false" headlandTailAvoidance="false" rowSpacing="0.000000" rowSnapAngle="0.000000" rowOffset="0.000000" cornerCutOutSupported="false" toolFrontOffset="-12.691347" toolBackOffset="-13.191347" hasStaticTools="true" toolFullOverlap="false" toolFullOverlapInside="false" segmentExtendedToBoundary="false" segmentHeadlandReverseLines="false" sideOffset="0.000000" variableSideOffset="false" sideOffsetHeadlandAlternate="false" headlandForcedDirection="1.000000" segmentSplitAngle="25.000000" segmentSplitDistance="10.000000" segmentValidityCheckOffset="0.000000" toolAlwaysActive="false" toolStraighteningSegmentLength="26.382694" toolStraighteningAlwaysActive="false" agentFrontOffset="4.333966" agentBackOffset="1.666034" agentHeight="3.250000"/>
                <workedLines indices="21 22 23 24"/>
            </lastActiveSteeringFieldCourse>
        </aiAutomaticSteering>
        <aiModeSelection currentMode="STEERING_ASSIST">
            <settings>
                <worker implementWidth="120.000000" numHeadlands="2" workDirection="-57" workHeadlands="true" headlandFirst="false" skipNumLines="0"/>
                <steering_assist implementWidth="120.000000" numHeadlands="2" workDirection="0" sideOffset="0.000000" showLines="true" cruiseControl="false"/>
            </settings>
        </aiModeSelection>
        <attacherJoints comboDirection="-1">
            <attachedImplement jointIndex="3" moveDown="false" attachedVehicleUniqueId="vehiclec56cdf4312cc316e355f8552755dd00e" inputJointIndex="1"/>
        </attacherJoints>
    </vehicle>
    <vehicle filename="data/vehicles/vaderstad/carrierXL625/carrierXL625.xml" uniqueId="vehicle90d7a5abe3e3b9024b67db3be3feb0ad" age="6.000000" price="75000.000000" farmId="1" propertyState="OWNED" operatingTime="26637.408203" selectedObjectIndex="1" subSelectedObjectIndex="1">
        <component index="1" position="-396.236 9.949 -723.508" rotation="0.15 -8.46 -0.00"/>
        <configuration name="folding" id="1" isActive="true"/>
        <configuration name="wheel" id="VREDESTEIN_DEFAULT" isActive="true"/>
        <washable>
            <dirtNode amount="0.437019" wetness="0.435294"/>
            <dirtNode amount="0.437019" wetness="0.435294"/>
            <dirtNode amount="0.437019" wetness="0.435294"/>
            <dirtNode amount="0.311132" wetness="0.369338" snowScale="0.000000"/>
            <dirtNode amount="0.000000" wetness="0.263800"/>
            <dirtNode amount="0.311347" wetness="0.369416" snowScale="0.000000"/>
            <dirtNode amount="0.000000" wetness="0.263805"/>
        </washable>
        <wearable damage="0.198183">
            <wearNode amount="1.000000"/>
        </wearable>
        <wheels lastConfigId="VREDESTEIN_DEFAULT"/>
        <attachable isDetachingBlocked="false"/>
        <attacherJoints comboDirection="-1"/>
        <foldable foldAnimTime="1.000000" isAllowed="true"/>
    </vehicle>
    <vehicle filename="data/vehicles/thunderCreek/fst990/fst990.xml" uniqueId="vehicle7fed196f86deda161eda93052310b5b8" age="44.000000" price="29500.000000" farmId="1" propertyState="OWNED" operatingTime="109551.546875" selectedObjectIndex="1" subSelectedObjectIndex="1">
        <component index="1" position="180.561 7.186 -313.555" rotation="-2.24 -0.05 0.74"/>
        <configuration name="fillUnit" id="1" isActive="true"/>
        <configuration name="rimColor" id="1" isActive="true"/>
        <configuration name="wheel" id="CONTINENTAL_DEFAULT" isActive="true"/>
        <washable>
            <dirtNode amount="0.000038" wetness="0.535763"/>
            <dirtNode amount="0.000038" wetness="0.535763" snowScale="0.000000"/>
            <dirtNode amount="0.000000" wetness="0.535754"/>
            <dirtNode amount="0.000038" wetness="0.535763" snowScale="0.000000"/>
            <dirtNode amount="0.000000" wetness="0.535754"/>
            <dirtNode amount="0.000038" wetness="0.535763" snowScale="0.000000"/>
            <dirtNode amount="0.000000" wetness="0.535754"/>
            <dirtNode amount="0.000038" wetness="0.535763" snowScale="0.000000"/>
            <dirtNode amount="0.000000" wetness="0.535754"/>
        </washable>
        <wearable damage="0.258352">
            <wearNode amount="0.364056"/>
        </wearable>
        <wheels lastConfigId="CONTINENTAL_DEFAULT"/>
        <attachable isDetachingBlocked="false"/>
        <attacherJoints comboDirection="-1"/>
        <fillUnit>
            <unit index="1" fillType="UNKNOWN" fillLevel="0.000000"/>
        </fillUnit>
        <dischargeable isAllowed="true"/>
    </vehicle>
    <vehicle filename="data/vehicles/siloking/trailedLine4System1000/trailedLine4System1000.xml" uniqueId="vehiclee30949d9ac1fb35dce040290ee79e7b7" age="4.000000" price="80000.000000" farmId="1" propertyState="OWNED" operatingTime="2522.974854">
        <component index="1" position="-376.488 9.073 -669.995" rotation="179.35 -2.02 -179.99"/>
        <configuration name="fillUnit" id="1" isActive="true"/>
        <configuration name="trailer" id="1" isActive="true"/>
        <configuration name="fillVolume" id="1" isActive="true"/>
        <configuration name="wheel" id="CONTINENTAL_DEFAULT" isActive="true"/>
        <washable>
            <dirtNode amount="0.136631" wetness="0.567265"/>
            <dirtNode amount="0.136631" wetness="0.567135" snowScale="0.000000"/>
            <dirtNode amount="0.000000" wetness="0.566045"/>
            <dirtNode amount="0.136631" wetness="0.567135" snowScale="0.000000"/>
            <dirtNode amount="0.000000" wetness="0.566045"/>
            <dirtNode amount="0.136631" wetness="0.567135" snowScale="0.000000"/>
            <dirtNode amount="0.000000" wetness="0.566045"/>
            <dirtNode amount="0.136631" wetness="0.567135" snowScale="0.000000"/>
            <dirtNode amount="0.000000" wetness="0.566045"/>
            <dirtNode amount="0.136631" wetness="0.567135" snowScale="0.000000"/>
            <dirtNode amount="0.000000" wetness="0.566045"/>
            <dirtNode amount="0.136631" wetness="0.567135" snowScale="0.000000"/>
            <dirtNode amount="0.000000" wetness="0.566045"/>
        </washable>
        <wearable damage="0.011540">
            <wearNode amount="0.012809"/>
        </wearable>
        <wheels lastConfigId="CONTINENTAL_DEFAULT"/>
        <attachable isDetachingBlocked="false"/>
        <attacherJoints comboDirection="-1"/>
        <dischargeable isAllowed="true"/>
        <trailer tipSideIndex="4" doorState="false" tipAnimationTime="0.000000" tipState="0"/>
        <mixerWagon>
            <fillType fillLevel="0.000000"/>
            <fillType fillLevel="21413.937500"/>
            <fillType fillLevel="0.000000"/>
            <fillType fillLevel="0.000000"/>
        </mixerWagon>
    </vehicle>
    <vehicle modName="FS25_MasseyFerguson_7700S" filename="$moddir$FS25_MasseyFerguson_7700S/series7720S.xml" uniqueId="vehicle3fcd3be314af3b16924b313f086aa12c" age="4.000000" price="229000.000000" farmId="1" propertyState="OWNED" operatingTime="3024.207031" selectedObjectIndex="3" subSelectedObjectIndex="1">
        <component index="1" position="-376.481 9.053 -677.429" rotation="179.35 5.09 179.96"/>
        <component index="2" position="-376.352 9.888 -678.866" rotation="179.35 5.09 179.99"/>
        <configuration name="fillUnit" id="1" isActive="true"/>
        <configuration name="frontloader" id="1" isActive="true"/>
        <configuration name="design" id="1" isActive="false"/>
        <configuration name="design" id="2" isActive="true"/>
        <configuration name="design2" id="1" isActive="true"/>
        <configuration name="folding" id="1" isActive="true"/>
        <configuration name="motor" id="1" isActive="false"/>
        <configuration name="motor" id="4" isActive="true"/>
        <configuration name="wheel" id="DEFAULT_TRELLEBORG_TM900" isActive="false"/>
        <configuration name="wheel" id="BROAD_TRELLEBORG_TM1000" isActive="true"/>
        <washable>
            <dirtNode amount="0.181872" wetness="0.577738"/>
            <dirtNode amount="0.181858" wetness="0.577530" snowScale="0.000000"/>
            <dirtNode amount="0.000000" wetness="0.576080"/>
            <dirtNode amount="0.181858" wetness="0.577530" snowScale="0.000000"/>
            <dirtNode amount="0.000000" wetness="0.576080"/>
            <dirtNode amount="0.181858" wetness="0.577530" snowScale="0.000000"/>
            <dirtNode amount="0.000000" wetness="0.576080"/>
            <dirtNode amount="0.181858" wetness="0.577530" snowScale="0.000000"/>
            <dirtNode amount="0.000000" wetness="0.576080"/>
        </washable>
        <wearable damage="0.017544">
            <wearNode amount="0.017050"/>
        </wearable>
        <cylindered>
            <movingTool animationTime="0.000000"/>
            <movingTool animationTime="0.000000"/>
        </cylindered>
        <wheels lastConfigId="BROAD_TRELLEBORG_TM1000"/>
        <enterable activeCameraIndex="1" isTabbable="true" isLeavingAllowed="true">
            <camera rotation="-12.23 -2134.93 0.00" translation="0.000 0.000 5.800" zoom="5.800000" fovY="54.432205"/>
            <camera rotation="-17.14 178.58 0.00" translation="-0.000 2.837 -0.992" zoom="3.005281" fovY="60.000000"/>
        </enterable>
        <fillUnit>
            <unit index="1" fillType="DIESEL" fillLevel="399.992889"/>
            <unit index="2" fillType="DEF" fillLevel="40.000000"/>
            <unit index="3" fillType="AIR" fillLevel="1544.409180"/>
        </fillUnit>
        <drivable cruiseControl="52" cruiseControlReverse="22" odometerMilage="10.861951"/>
        <aiFieldWorker isActive="false"/>
        <aiJobVehicle isAIStartAllowed="true"/>
        <aiAutomaticSteering courseWasActive="true" isOnField="false"/>
        <aiModeSelection currentMode="WORKER"/>
        <attacherJoints comboDirection="-1">
            <attachedImplement jointIndex="4" moveDown="false" attachedVehicleUniqueId="vehiclee30949d9ac1fb35dce040290ee79e7b7" inputJointIndex="1"/>
            <attachedImplement jointIndex="2" moveDown="false" attachedVehicleUniqueId="vehicleb9bcedd1f9f3a3cc34decd72216dd39c" inputJointIndex="1"/>
        </attacherJoints>
    </vehicle>
    <vehicle filename="data/vehicles/tenwinkel/weight600/weight600.xml" uniqueId="vehicleb9bcedd1f9f3a3cc34decd72216dd39c" age="4.000000" price="1000.000000" farmId="1" propertyState="OWNED" operatingTime="3000.973633">
        <component index="1" position="-376.216 9.646 -680.394" rotation="-179.93 5.09 179.96"/>
        <configuration name="designColor" id="SHARED_BLACKONYX" isActive="true"/>
        <washable>
            <dirtNode amount="0.181220" wetness="0.577569"/>
        </washable>
        <wearable damage="0.015000">
            <wearNode amount="0.016989"/>
        </wearable>
        <attachable isDetachingBlocked="false"/>
        <attacherJoints comboDirection="-1"/>
    </vehicle>
    <vehicle filename="data/vehicles/lizard/mks8/mks8.xml" uniqueId="vehicle7e4a2b5eb7dcc82bfd3a9ec730c46b55" age="4.000000" price="25000.000000" farmId="1" propertyState="OWNED" operatingTime="359.010132" selectedObjectIndex="1" subSelectedObjectIndex="1">
        <component index="1" position="-459.928 9.921 -705.731" rotation="-179.70 71.17 -179.58"/>
        <component index="2" position="-458.483 10.819 -706.227" rotation="-179.69 72.12 -179.56"/>
        <component index="3" position="-457.350 10.930 -706.593" rotation="-179.68 72.12 -179.56"/>
        <configuration name="fillUnit" id="1" isActive="true"/>
        <configuration name="wheel" id="DEFAULT" isActive="true"/>
        <configuration name="rimColor" id="1" isActive="true"/>
        <configuration name="baseColor" id="1" isActive="true"/>
        <washable>
            <dirtNode amount="0.025177" wetness="0.541287"/>
            <dirtNode amount="0.025177" wetness="0.541287" snowScale="0.000000"/>
            <dirtNode amount="0.000000" wetness="0.536878"/>
            <dirtNode amount="0.025177" wetness="0.541287" snowScale="0.000000"/>
            <dirtNode amount="0.000000" wetness="0.536878"/>
            <dirtNode amount="0.025177" wetness="0.541287" snowScale="0.000000"/>
            <dirtNode amount="0.000000" wetness="0.536878"/>
            <dirtNode amount="0.025177" wetness="0.541287" snowScale="0.000000"/>
            <dirtNode amount="0.000000" wetness="0.536878"/>
        </washable>
        <wearable damage="0.001972">
            <wearNode amount="0.002361"/>
        </wearable>
        <wheels lastConfigId="DEFAULT"/>
        <attachable isDetachingBlocked="false"/>
        <attacherJoints comboDirection="-1"/>
        <fillUnit>
            <unit index="1" fillType="UNKNOWN" fillLevel="0.000000"/>
        </fillUnit>
        <dischargeable isAllowed="true"/>
        <trailer tipState="0"/>
    </vehicle>
    <vehicle modName="OSMC" filename="$moddir$OSMC/weight.xml" uniqueId="vehiclea0206502f6fe7e0427c8c17716b99666" age="4.000000" price="48780.000000" farmId="1" propertyState="OWNED" operatingTime="437.214722" selectedObjectIndex="1" subSelectedObjectIndex="1">
        <component index="1" position="184.560 7.165 -313.558" rotation="-177.97 -0.22 -179.52"/>
        <washable>
            <dirtNode amount="0.014383" wetness="0.539010"/>
        </washable>
        <wearable damage="0.001132">
            <wearNode amount="0.001344"/>
        </wearable>
        <cylindered>
            <movingTool rotation="360.000000"/>
            <movingTool rotation="0.000000"/>
            <movingTool rotation="0.000000"/>
        </cylindered>
        <attachable isDetachingBlocked="false"/>
        <attacherJoints comboDirection="-1"/>
        <fruitExtraObjects lastFruitType="UNKNOWN"/>
    </vehicle>
</vehicles>
